link_id,control_id,control_title,control_core,target_id,target_label,source_type,locator,source_text,original_property,current_property,verdict,basis,condition_for_necessity,current_rationale,review_status,relevance_of_example_of,relevance_basis,pass1_verdict,pass1_property,pass1_basis,author_ruling
GM-GOV-01>RMF:GOVERN-1.5,GM-GOV-01,Monitoring plan and accountable owner,A post-deployment monitoring plan covering the system exists.,RMF:GOVERN-1.5,GOVERN 1.5,guidance,"NIST AI 100-1, p. 23","Ongoing monitoring and periodic review of the risk management process and its outcomes are planned and organizational roles and responsibilities clearly defined, including determining the frequency of periodic review.",integral_to,example_of,revised,"GOVERN 1.5 concerns monitoring and periodic review of the risk management process and its outcomes, not monitoring of the AI system; a per-system monitoring plan feeds that review but is not required for it.",,The plan's review cycle and named roles feed the organization's periodic review of its risk management process.,accepted,,,,,,Accept
GM-GOV-01>RMF:MANAGE-4.1,GM-GOV-01,Monitoring plan and accountable owner,A post-deployment monitoring plan covering the system exists.,RMF:MANAGE-4.1,MANAGE 4.1,guidance,"NIST AI 100-1, p. 33","Post-deployment AI system monitoring plans are implemented, including mechanisms for capturing and evaluating input from users and other relevant AI actors, appeal and override, decommissioning, incident response, recovery, and change management.",integral_to,integral_to,supported,"MANAGE 4.1 reads 'Post-deployment AI system monitoring plans are implemented'; a plan cannot be implemented unless it exists, so a plan for the system is a component of the outcome.",,MANAGE 4.1 is the outcome that post-deployment monitoring plans are implemented; a plan covering the system is a component of that outcome.,accepted,,,,,,Accept; tidy audit basis
GM-GOV-01>RMF:GOVERN-2.1,GM-GOV-01,Monitoring plan and accountable owner,A post-deployment monitoring plan covering the system exists.,RMF:GOVERN-2.1,GOVERN 2.1,guidance,"NIST AI 100-1, p. 23","Roles and responsibilities and lines of communication related to mapping, measuring, and managing AI risks are documented and are clear to individuals and teams throughout the organization.",integral_to,example_of,revised,GOVERN 2.1 asks that AI risk roles be documented and clear 'throughout the organization'; an enterprise governance charter can achieve this without a per-system RACI.,,The plan's RACI is one place monitoring roles and lines of communication are documented.,accepted,,,,,,Accept
GM-GOV-01>HTI:B8.i,GM-GOV-01,Monitoring plan and accountable owner,A post-deployment monitoring plan covering the system exists.,HTI:B8.i,Description of process and frequency by which the intervention's validity is monitored over time,regulatory_disclosure_requirement,45 CFR 170.315(b)(11)(iv)(B)(8)(i),Description of process and frequency by which the intervention's validity is monitored over time;,integral_to,example_of,revised,"(B)(8)(i) requires a description of the process and frequency of validity monitoring; the regulation does not say who monitors, and the description can describe the developer's process. A deployer plan is not required to produce it.",,"Where the deploying organization runs validity monitoring, its plan is the process the attribute can describe.",proposed,,,,,,
GM-GOV-01>HTI:B8.iii,GM-GOV-01,Monitoring plan and accountable owner,A post-deployment monitoring plan covering the system exists.,HTI:B8.iii,Description of the process and frequency by which the intervention's fairness is monitored over time,regulatory_disclosure_requirement,45 CFR 170.315(b)(11)(iv)(B)(8)(iii),Description of the process and frequency by which the intervention's fairness is monitored over time;,integral_to,example_of,revised,Same as (B)(8)(i): the fairness-monitoring description can describe any party's process.,,"Where the deploying organization runs fairness monitoring, its plan is the process the attribute can describe.",proposed,,,,,,
GM-GOV-02>RMF:GOVERN-1.6,GM-GOV-02,AI system and model inventory,Deployed AI systems are recorded in an inventory.,RMF:GOVERN-1.6,GOVERN 1.6,guidance,"NIST AI 100-1, p. 23",Mechanisms are in place to inventory AI systems and are resourced according to organizational risk priorities.,integral_to,integral_to,supported,GOVERN 1.6 reads 'Mechanisms are in place to inventory AI systems'; the core (AI systems recorded in an inventory) is what the subcategory names.,,GOVERN 1.6 asks for mechanisms to inventory AI systems; recording deployed AI systems in an inventory is what such a mechanism does.,revised,,,,,,Accept; fix rationale
GM-GOV-02>CPG:2.A,GM-GOV-02,AI system and model inventory,Deployed AI systems are recorded in an inventory.,CPG:2.A,Manage Organizational Assets,voluntary_practice,"CISA CPG 2.0, goal 2.A","Outcome: A maintained asset inventory to improve cybersecurity resilience by reducing downtime, aiding recovery, bolstering defenses, and improving preparedness. | Scope: Data, hardware, software, systems, facilities, personnel. | Recommended Action: Maintain a regularly updated inventory of all organizational assets (i.e., data, hardware, software, systems, facilities, and personnel). IT and OT assets determined to be critical for business or operational functions should be updated on a more frequent basis.",integral_to,example_of,revised,"Second pass: CPG 2.A requires an inventory of all assets but does not set its granularity. An AI intervention embedded in the EHR can be covered by the EHR's inventory entry without being recorded individually, so recording each AI system is not necessary to the goal.",,Recording each deployed AI intervention in the asset inventory is one way to bring AI components into the asset-inventory goal.,accepted,,,supported,integral_to,"CPG 2.A's Recommended Action is an inventory of 'all organizational assets (i.e., data, hardware, software, systems ...)' and its Scope lists data, software, and systems; a deployed AI model and its intervention are software and data assets, so an inventory that omits them does not meet the goal.",Accept
GM-GOV-03>CPG:1.D,GM-GOV-03,Developer monitoring obligations in contracts,Contracts with the developer require notice of security incidents and vulnerabilities.,CPG:1.D,Supply Chain Incident Reporting & Vulnerability Disclosure,voluntary_practice,"CISA CPG 2.0, goal 1.D","Outcome: Organizations more rapidly learn about and respond to known incidents or breaches across vendors and service providers | Scope: Third-party vendors and service providers. | Recommended Action: Procurement documents and contracts, such as service-level agreements (SLAs), stipulate that vendors and/or service providers notify the procuring customer of security incidents and vulnerabilities within a risk-informed time frame as determined by the organization.OT: Organizations with OT assets need to document and track serial numbers, checksums, digital certificates/signatures, or other identifying features that can enable them to verify the authenticity of vendor-provided OT hardware, software and firmware.",integral_to,integral_to,supported,"CPG 1.D's Recommended Action is that contracts 'stipulate that vendors and/or service providers notify the procuring customer of security incidents and vulnerabilities'; Scope is third-party vendors. For the AI developer as vendor, the notice clause is the action itself. Only the security-incident and vulnerability clauses are integral; model-change clauses are extras.",,Contract terms requiring the developer to notify the organization of security incidents and vulnerabilities are this goal's recommended action.,accepted,,,,,,Accept
GM-GOV-03>RMF:MANAGE-3.1,GM-GOV-03,Developer monitoring obligations in contracts,Contracts with the developer require notice of security incidents and vulnerabilities.,RMF:MANAGE-3.1,MANAGE 3.1,guidance,"NIST AI 100-1, p. 32","AI risks and benefits from third-party resources are regularly monitored, and risk controls are applied and documented.",integral_to,example_of,revised,"MANAGE 3.1 asks that third-party AI risks be regularly monitored; the deployer can monitor through its own testing (GM-FUN-02, GM-FUN-03) without contractual notice.",,Contractual notice of developer changes is one input to regular monitoring of third-party AI risk.,proposed,,,,,,
GM-GOV-04>CPG:1.C,GM-GOV-04,AI incident response integration,The incident response plan addresses AI-specific incidents.,CPG:1.C,Manage Incident Response Plans,voluntary_practice,"CISA CPG 2.0, goal 1.C","Outcome: Identify improvements by practicing cybersecurity and incident response (IR) plans to maintain and update the organization’s cybersecurity program. | Scope: Organization-wide. | Recommended Action: Organizations develop, maintain, update, and regularly exercise IR plans for common and organizationally specific (e.g., by sector, locality) threat scenarios and tactics, techniques, and procedures (TTPs). Ensure drills are realistic and include all relevant stakeholders. IR plans should be reviewed and drilled, at a minimum, on an annual basis.OT: OT IR plans account for specific safety and containment considerations, which differ from existing IT plans and priorities.",integral_to,example_of,unresolved,"CPG 1.C asks for IR plans covering 'common and organizationally specific ... threat scenarios'. Whether compromise of an AI model or its data is an organizationally specific scenario is a risk judgment the deploying organization makes; CPG 1.C also covers only cybersecurity incidents, while GM-GOV-04 adds non-cyber AI incidents.",integral_to for the cybersecurity subset (model or data compromise) if the author judges that subset an organizationally specific threat scenario for the intended deployers.,Adding AI compromise scenarios to the IR plan is one way to cover organizationally specific threats.,accepted,supported,"CPG 1.C's action is to develop and regularly exercise IR plans for 'common and organizationally specific ... threat scenarios'. GM-GOV-04 adds AI scenarios, including compromise of the model or its data, to the IR plan and exercises one annually. The cybersecurity subset of the control is relevant; non-cyber AI incidents are outside CPG 1.C.",,,,Accept as conditional
GM-GOV-04>CPG:5.A,GM-GOV-04,AI incident response integration,The incident response plan addresses AI-specific incidents.,CPG:5.A,Establish Incident Communication Procedures,voluntary_practice,"CISA CPG 2.0, goal 5.A",Outcome: Coordinate crisis communication methods between internal and external organization partners and critical suppliers. | Scope: Organization-wide. | Recommended Action: Design a communications plan that identifies stakeholders and mechanisms for coordination and communications during an incident.Collaborate with stakeholders and securely share information consistent with response plans and information-sharing agreements. Priorities for sharing information include preventing the spread of infections to other systems and networks.Regularly update senior leadership on the status of major incidents.Notify human resources when malicious insider activity occurs.Establish and follow media communications procedures for incident response that comply with the organization’s policies on media interaction and information disclosure.,integral_to,example_of,revised,CPG 5.A asks for an organization-wide incident communications plan; a general plan covers incidents affecting the AI system without an AI-specific annex.,,The AI annex adds AI-specific stakeholders to the incident communications plan.,accepted,,,,,,Accept
GM-GOV-04>CPG:5.B,GM-GOV-04,AI incident response integration,The incident response plan addresses AI-specific incidents.,CPG:5.B,Establish Incident Reporting Procedures,voluntary_practice,"CISA CPG 2.0, goal 5.B","Outcome: CISA and other organizations are better able to provide assistance or understand the broader scope of a cyber incident. | Scope: Organization-wide. | Recommended Action: Organizations maintain policy and procedures on to whom and how to report all confirmed cybersecurity incidents to appropriate external entities (e.g., state/federal regulators or sector risk management agencies [SRMAs] as required, information sharing and analysis centers [ISACs], information sharing and analysis organizations [ISAOs], and CISA).Known incidents are reported to CISA as well as other necessary parties within time frames directed by applicable regulatory guidance or in the absence of guidance, as soon as safely feasible.",integral_to,example_of,revised,CPG 5.B asks for policy on reporting 'all confirmed cybersecurity incidents'; a general reporting policy already covers confirmed incidents involving the AI system.,,"The AI annex makes explicit that confirmed cybersecurity incidents involving the AI system (for example, compromise of the model or its data) are reported under the general policy.",revised,,,,,,Accept; reword to cyber scope
GM-GOV-04>CPG:6.A,GM-GOV-04,AI incident response integration,The incident response plan addresses AI-specific incidents.,CPG:6.A,Incident Planning and Preparedness,voluntary_practice,"CISA CPG 2.0, goal 6.A","Outcome: Organizations are capable of safely and effectively recovering from a cybersecurity incident. | Scope: Organizational assets. | Recommended Action: Execute plans to recover and restore service to business- or mission-critical assets or systems that might be impacted by a cybersecurity incident. This may include the ability to execute mission essential functions in a degraded manner without access to critical assets or even internet access (e.g., shift to paper-based operations, radio communications, etc.)Complete post-incident analysis to identify areas for improvement and refine the incident response plan. Focus on incorporating lessons learned, enhancing detection and response capabilities, updating policies and procedures including training, and ensuring that all stakeholders are informed of the changes.",integral_to,example_of,revised,CPG 6.A asks for recovery plans for assets impacted by a cybersecurity incident; general recovery planning can cover the AI system without AI-specific steps.,,Updating the AI annex after each AI incident is one way to refine the incident response plan from lessons learned.,revised,,,,,,Accept; replace rationale
GM-GOV-04>RMF:MANAGE-4.3,GM-GOV-04,AI incident response integration,The incident response plan addresses AI-specific incidents.,RMF:MANAGE-4.3,MANAGE 4.3,guidance,"NIST AI 100-1, p. 33","Incidents and errors are communicated to relevant AI actors, including affected communities. Processes for tracking, responding to, and recovering from incidents and errors are followed and documented.",integral_to,example_of,revised,"MANAGE 4.3 requires processes for tracking, responding to, and recovering from incidents to be followed and documented; a separate AI or patient-safety incident process could satisfy it without an annex to the IR plan.",,An AI annex to the IR plan is one documented process for responding to and recovering from AI incidents.,proposed,,,,,,
GM-GOV-05>RMF:GOVERN-4.2,GM-GOV-05,External sharing of monitoring findings,A defined policy governs sharing monitoring findings outside the organization.,RMF:GOVERN-4.2,GOVERN 4.2,guidance,"NIST AI 100-1, p. 24","Organizational teams document the risks and potential impacts of the AI technology they design, develop, deploy, evaluate, and use, and they communicate about the impacts more broadly.",integral_to,example_of,revised,GOVERN 4.2 asks teams to document risks and 'communicate about the impacts more broadly'; broader communication does not require an external findings-sharing policy.,,A findings-sharing policy is one way to communicate risks and impacts more broadly.,proposed,,,,,,
GM-GOV-05>RMF:GOVERN-4.3,GM-GOV-05,External sharing of monitoring findings,A defined policy governs sharing monitoring findings outside the organization.,RMF:GOVERN-4.3,GOVERN 4.3,guidance,"NIST AI 100-1, p. 24","Organizational practices are in place to enable AI testing, identification of incidents, and information sharing.",integral_to,example_of,revised,GOVERN 4.3 asks for practices that enable 'information sharing' without saying with whom; internal sharing practices satisfy it without an external policy.,,An external sharing policy is one practice that enables information sharing about AI incidents and testing.,proposed,,,,,,
GM-GOV-05>A84:XC-VT-G2,GM-GOV-05,External sharing of monitoring findings,A defined policy governs sharing monitoring findings outside the organization.,A84:XC-VT-G2,Immature information sharing ecosystem,monitoring_challenge,"NIST AI 800-4, Table 2, p. 9",Immature information sharing ecosystem,integral_to,example_of,revised,"AI 800-4 rule: a challenge has no completion condition, so no control is necessary to it.",,Deployers sharing findings is one contribution to a more mature information-sharing ecosystem.,proposed,,,,,,
GM-GOV-06>RMF:GOVERN-2.2,GM-GOV-06,Monitoring resources and competence,"Monitoring has a budget, and monitoring staff and users are trained for the system.",RMF:GOVERN-2.2,GOVERN 2.2,guidance,"NIST AI 100-1, p. 23","The organization’s personnel and partners receive AI risk management training to enable them to perform their duties and responsibilities consistent with related policies, procedures, and agreements.",integral_to,example_of,revised,"Second pass: GOVERN 2.2 asks for AI risk management training that enables personnel to perform their duties. General AI risk management training could meet it, so system-specific training is not necessary.",,System-specific training for monitoring staff and users is one form of AI risk management training that enables them to perform their duties.,proposed,,,supported,integral_to,"GOVERN 2.2 requires training 'to enable them to perform their duties and responsibilities'; for personnel whose duty is monitoring this system, training for that duty is entailed. Scoped to monitoring personnel; the budget part of the core is not integral.",
GM-GOV-06>RMF:MAP-3.4,GM-GOV-06,Monitoring resources and competence,"Monitoring has a budget, and monitoring staff and users are trained for the system.",RMF:MAP-3.4,MAP 3.4,guidance,"NIST AI 100-1, p. 27","Processes for operator and practitioner proficiency with AI system performance and trustworthiness – and relevant technical standards and certifications – are defined, assessed, and documented.",integral_to,example_of,revised,"MAP 3.4 asks that 'processes for operator and practitioner proficiency' be defined, assessed, and documented; proficiency can be established by competency assessment or credentialing instead of training.",,System-specific training is one process for establishing operator and practitioner proficiency.,accepted,,,,,,Accept
GM-GOV-06>RMF:MANAGE-2.1,GM-GOV-06,Monitoring resources and competence,"Monitoring has a budget, and monitoring staff and users are trained for the system.",RMF:MANAGE-2.1,MANAGE 2.1,guidance,"NIST AI 100-1, p. 32","Resources required to manage AI risks are taken into account – along with viable non-AI alternative systems, approaches, or methods – to reduce the magnitude or likelihood of potential impacts.",integral_to,example_of,revised,"MANAGE 2.1 asks that resources be 'taken into account'; a monitoring budget line is one way, not the only one.",,A monitoring budget is one way resources required to manage AI risk are taken into account.,proposed,,,,,,
GM-GOV-06>A84:XC-RR-B1,GM-GOV-06,Monitoring resources and competence,"Monitoring has a budget, and monitoring staff and users are trained for the system.",A84:XC-RR-B1,Financial costs and compute/human resources,monitoring_challenge,"NIST AI 800-4, Table 2, p. 9",Financial costs and compute/human resources,integral_to,example_of,revised,AI 800-4 rule.,,"A monitoring budget makes financial, compute, and human resource costs explicit.",accepted,,,,,,Accept
GM-GOV-07>RMF:MEASURE-1.3,GM-GOV-07,Independent assessment of monitoring,Someone independent of the build/operate team periodically assesses the monitoring.,RMF:MEASURE-1.3,MEASURE 1.3,guidance,"NIST AI 100-1, p. 29","Internal experts who did not serve as front-line developers for the system and/or independent assessors are involved in regular assessments and updates. Domain experts, users, AI actors external to the team that developed or deployed the AI system, and affected communities are consulted in support of assessments as necessary per organizational risk tolerance.",integral_to,example_of,revised,"Second pass: MEASURE 1.3 is met by 'internal experts who did not serve as front-line developers', which includes members of the operating team. GM-GOV-07 excludes the operating team, so its core is sufficient but not necessary.",,An assessor independent of both the build and operate teams is one way to involve experts who did not serve as front-line developers in regular assessments.,proposed,,,supported,integral_to,MEASURE 1.3 reads 'Internal experts who did not serve as front-line developers ... and/or independent assessors are involved in regular assessments'; the core (assessment by someone independent of the build/operate team) is what the subcategory names.,
GM-GOV-07>CPG:2.C,GM-GOV-07,Independent assessment of monitoring,Someone independent of the build/operate team periodically assesses the monitoring.,CPG:2.C,Obtain Independent Validation of Cybersecurity Controls,voluntary_practice,"CISA CPG 2.0, goal 2.C","Outcome: Validate that implemented security controls are properly configured and working as intended | Scope: Organizational assets and networks. | Recommended Action: Organizations regularly engage third-party cybersecurity experts to validate their defenses through various exercises, such as penetration tests, bug bounties, incident simulations, and table-top exercises. These tests, both announced and unannounced, assess the ability of adversaries to infiltrate and move laterally within the network, targeting critical systems. Ensure findings from these tests are addressed.",integral_to,removed,revised,"CPG 2.C's Recommended Action is third-party validation of cybersecurity defenses (penetration tests, bug bounties, incident simulations); an assessment of AI monitoring design is neither that activity nor required by it.",,(removed in the relevance review; see section 5),removed,,,,,,
GM-FUN-01>A84:FUN-G2,GM-FUN-01,Performance baseline and deviation thresholds,A pre-deployment local baseline with deviation thresholds is recorded.,A84:FUN-G2,Establishing performance baselines and thresholds,monitoring_challenge,"NIST AI 800-4, Table 3, p. 17",Establishing performance baselines and thresholds,integral_to,example_of,revised,AI 800-4 rule.,,Recording a local baseline with deviation thresholds is one response to the baseline-and-threshold gap.,accepted,,,,,,Accept
GM-FUN-01>A84:FUN,GM-FUN-01,Performance baseline and deviation thresholds,A pre-deployment local baseline with deviation thresholds is recorded.,A84:FUN,Functionality Monitoring,monitoring_challenge,"NIST AI 800-4, Table 1, p. 6","Does the system continue to work as intended? Measuring system functions, capabilities, and features, for example to ensure the system continues to work as intended",integral_to,example_of,revised,AI 800-4 rule; the category is defined 'for example'.,,A baseline is one reference point for functionality monitoring.,proposed,,,,,,
GM-FUN-01>RMF:MEASURE-1.1,GM-FUN-01,Performance baseline and deviation thresholds,A pre-deployment local baseline with deviation thresholds is recorded.,RMF:MEASURE-1.1,MEASURE 1.1,guidance,"NIST AI 100-1, p. 29",Approaches and metrics for measurement of AI risks enumerated during the MAP function are selected for implementation starting with the most significant AI risks. The risks or trustworthiness characteristics that will not – or cannot – be measured are properly documented.,integral_to,example_of,revised,MEASURE 1.1 asks that measurement approaches be selected and unmeasurable risks documented; this can happen without a local baseline or silent trial.,,"Choosing baseline metrics, and recording risks left unmeasured, is part of selecting measurement approaches.",proposed,,,,,,
GM-FUN-01>RMF:MEASURE-2.3,GM-FUN-01,Performance baseline and deviation thresholds,A pre-deployment local baseline with deviation thresholds is recorded.,RMF:MEASURE-2.3,MEASURE 2.3,guidance,"NIST AI 100-1, p. 29",AI system performance or assurance criteria are measured qualitatively or quantitatively and demonstrated for conditions similar to deployment setting(s). Measures are documented.,integral_to,example_of,revised,MEASURE 2.3 asks for performance demonstrated 'for conditions similar to deployment setting(s)'; external validation in a similar setting can meet this without a local silent trial.,,A local silent trial measures performance under conditions like the deployment setting.,proposed,,,,,,
GM-FUN-01>RMF:MANAGE-1.1,GM-FUN-01,Performance baseline and deviation thresholds,A pre-deployment local baseline with deviation thresholds is recorded.,RMF:MANAGE-1.1,MANAGE 1.1,guidance,"NIST AI 100-1, p. 32",A determination is made as to whether the AI system achieves its intended purposes and stated objectives and whether its development or deployment should proceed.,precedes,example_of,revised,MANAGE 1.1's go/no-go determination can rest on developer or external evidence; a local baseline is not a prerequisite.,,A local baseline informs the determination of whether deployment should proceed.,proposed,,,,,,
GM-FUN-01>HTI:B8.ii,GM-FUN-01,Performance baseline and deviation thresholds,A pre-deployment local baseline with deviation thresholds is recorded.,HTI:B8.ii,Validity of intervention in local data,regulatory_disclosure_requirement,45 CFR 170.315(b)(11)(iv)(B)(8)(ii),Validity of intervention in local data;,precedes,example_of,revised,(B)(8)(ii) is the value of validity in local data; measuring it needs no baseline (judging it against thresholds does).,,A baseline gives the local validity value a reference for interpretation.,accepted,,,,,,Accept
GM-FUN-02>HTI:B8.ii,GM-FUN-02,Local validity monitoring,Validity is measured in the deploying organization's own data.,HTI:B8.ii,Validity of intervention in local data,regulatory_disclosure_requirement,45 CFR 170.315(b)(11)(iv)(B)(8)(ii),Validity of intervention in local data;,integral_to,integral_to,supported,"'Validity of intervention in local data' can only be produced by measuring validity in the deploying organization's data, which only the deployer (or someone it gives the data to) can do. Scope note: necessary for a populated, current value (GAP-M's objective); (v)(A)(2) lets the module show this attribute as not available, so the control is not necessary for certification.",,"A populated local-validity value is a measurement of validity in local data, which is this control's core.",accepted,,,,,,Accept
GM-FUN-02>HTI:B8.i,GM-FUN-02,Local validity monitoring,Validity is measured in the deploying organization's own data.,HTI:B8.i,Description of process and frequency by which the intervention's validity is monitored over time,regulatory_disclosure_requirement,45 CFR 170.315(b)(11)(iv)(B)(8)(i),Description of process and frequency by which the intervention's validity is monitored over time;,integral_to,example_of,revised,The process description can describe any party's monitoring process.,,"Where the deploying organization runs it, local validity monitoring is the process the attribute can describe.",proposed,,,,,,
GM-FUN-02>A84:FUN-B1,GM-FUN-02,Local validity monitoring,Validity is measured in the deploying organization's own data.,A84:FUN-B1,Detecting performance degradation and drift,monitoring_challenge,"NIST AI 800-4, Table 3, p. 17",Detecting performance degradation and drift,integral_to,example_of,revised,AI 800-4 rule.,,Measuring local validity over time is one way to detect performance degradation.,proposed,,,,,,
GM-FUN-02>A84:FUN,GM-FUN-02,Local validity monitoring,Validity is measured in the deploying organization's own data.,A84:FUN,Functionality Monitoring,monitoring_challenge,"NIST AI 800-4, Table 1, p. 6","Does the system continue to work as intended? Measuring system functions, capabilities, and features, for example to ensure the system continues to work as intended",integral_to,example_of,revised,AI 800-4 rule.,,Local validity monitoring is one form of functionality monitoring.,accepted,,,,,,Accept
GM-FUN-02>RMF:MEASURE-2.4,GM-FUN-02,Local validity monitoring,Validity is measured in the deploying organization's own data.,RMF:MEASURE-2.4,MEASURE 2.4,guidance,"NIST AI 100-1, p. 29",The functionality and behavior of the AI system and its components – as identified in the MAP function – are monitored when in production.,integral_to,example_of,unresolved,"MEASURE 2.4 requires functionality and behavior to be 'monitored when in production'. Behavior can be monitored through proxies (output distributions, alert volumes) without outcome-based validity. Whether a predictive system's 'functionality' can be monitored without measuring validity is a judgment about what the system's function is.","integral_to if the author holds that a predictive intervention's functionality is its predictive validity, so production monitoring of functionality entails measuring validity.",Measuring validity in production is one way to monitor the system's functionality.,accepted,supported,MEASURE 2.4 asks that 'the functionality and behavior of the AI system ... are monitored when in production'. Measuring a predictive intervention's validity in local production data is monitoring its functionality.,,,,Accept as conditional
GM-FUN-02>RMF:MEASURE-3.1,GM-FUN-02,Local validity monitoring,Validity is measured in the deploying organization's own data.,RMF:MEASURE-3.1,MEASURE 3.1,guidance,"NIST AI 100-1, p. 30","Approaches, personnel, and documentation are in place to regularly identify and track existing, unanticipated, and emergent AI risks based on factors such as intended and actual performance in deployed contexts.",integral_to,example_of,revised,"MEASURE 3.1 tracks risks 'based on factors such as intended and actual performance'; 'such as' makes performance illustrative, not required.",,Local validity results are one factor for tracking emergent risk in the deployed context.,proposed,,,,,,
GM-FUN-03>A84:FUN-B1,GM-FUN-03,Input data and population drift detection,Input data and population mix are compared against a reference distribution.,A84:FUN-B1,Detecting performance degradation and drift,monitoring_challenge,"NIST AI 800-4, Table 3, p. 17",Detecting performance degradation and drift,integral_to,example_of,revised,AI 800-4 rule.,,Input drift detection is one way to detect drift before outcome labels arrive.,accepted,,,,,,Accept
GM-FUN-03>HTI:B4.iv,GM-FUN-03,Input data and population drift detection,Input data and population mix are compared against a reference distribution.,HTI:B4.iv,Description of relevance of training data to intended deployed setting,regulatory_disclosure_requirement,45 CFR 170.315(b)(11)(iv)(B)(4)(iv),Description of relevance of training data to intended deployed setting; and,integral_to,example_of,revised,"(B)(4)(iv) is a description of relevance of training data to the 'intended deployed setting', a developer statement; drift monitoring tests it locally but is not needed to produce or maintain it. GAP-M's 'evidence_accruing' class for this attribute is an analytic choice, not source text.",,Drift monitoring gives local evidence on whether the training-data relevance statement holds.,accepted,,,,,,Accept
GM-FUN-04>A84:FUN-B2,GM-FUN-04,Outcome label acquisition,Reference-standard outcome labels are obtained for monitored cases.,A84:FUN-B2,Missing high-quality ground truth datasets,monitoring_challenge,"NIST AI 800-4, Table 3, p. 17",Missing high-quality ground truth datasets,integral_to,example_of,revised,AI 800-4 rule.,,A label specification with adjudication is one response to missing ground truth.,accepted,,,,,,Accept
GM-FUN-04>HTI:B8.ii,GM-FUN-04,Outcome label acquisition,Reference-standard outcome labels are obtained for monitored cases.,HTI:B8.ii,Validity of intervention in local data,regulatory_disclosure_requirement,45 CFR 170.315(b)(11)(iv)(B)(8)(ii),Validity of intervention in local data;,precedes,example_of,unresolved,"Second pass, as substantiated on 2026-10-05: outcome-based validity measures (discrimination, calibration, positive predictive value) use local outcome labels. Label-free performance estimation exists in the literature: Garg et al. (ICLR 2022, arXiv:2201.04234) propose Average Thresholded Confidence (ATC), which predicts accuracy ""as the fraction of unlabeled examples for which model confidence exceeds that threshold"" learned on labeled source data. The same paper shows that ""absent further assumptions, accuracy on the target is identifiable iff p_t(y|x) is uniquely identified"", and names covariate shift (p_s(y|x) = p_t(y|x)) and label shift as conditions under which estimation can work; it estimates accuracy only and was evaluated on image benchmarks. A label-free estimate of local validity therefore rests on an assumption that the outcome relationship has not shifted, which is part of what local validation would test. Whether such an estimate counts as ""validity of intervention in local data"" is an interpretive question, so the precedes claim is neither supported nor refuted; it is held as unresolved.","Labels must come first if ""validity of intervention in local data"" means validity measured against local outcomes, rather than estimated from unlabeled local data under an assumption that p(y|x) is unchanged from the development setting.",Local outcome labels come first for outcome-based validity measures such as discrimination and calibration; whether every local validity value is label-based is unresolved.,accepted,supported,"(B)(8)(ii) names ""Validity of intervention in local data"". GM-FUN-04 obtains local outcome labels, which every outcome-based validity measure uses. The control is therefore one substantive way to support the attribute even if labels are not strictly required.",supported,precedes,"Validity is agreement between outputs and true outcomes; validity in local data cannot be computed until local outcomes (labels) exist, so obtaining them must come first.",Accept as conditional
GM-FUN-04>HTI:B8.iv,GM-FUN-04,Outcome label acquisition,Reference-standard outcome labels are obtained for monitored cases.,HTI:B8.iv,Fairness of intervention in local data,regulatory_disclosure_requirement,45 CFR 170.315(b)(11)(iv)(B)(8)(iv),Fairness of intervention in local data; and,precedes,example_of,revised,"Second pass: fairness measures such as demographic or output-rate parity compare outputs across groups and need no outcome labels, so obtaining labels is not a prerequisite for every local fairness value. The precedes claim holds only for label-dependent measures and is downgraded.",,"For label-dependent fairness measures such as subgroup calibration or error-rate parity, local outcome labels come first; label-free measures such as output-rate parity can be computed without them.",accepted,,,supported,precedes,Fairness of the intervention in local data compares subgroup performance against true outcomes; local outcomes must exist first.,Accept
GM-FUN-05>A84:FUN-G1,GM-FUN-05,Longitudinal record and version comparison,Performance results from earlier points in time remain available for comparison.,A84:FUN-G1,Lack of systematic model comparison,monitoring_challenge,"NIST AI 800-4, Table 3, p. 17",Lack of systematic model comparison,integral_to,example_of,revised,AI 800-4 rule.,,Same-data comparison of model versions is one form of systematic model comparison.,proposed,,,,,,
GM-FUN-05>A84:FUN-B3,GM-FUN-05,Longitudinal record and version comparison,Performance results from earlier points in time remain available for comparison.,A84:FUN-B3,Overhead of longitudinal tracking,monitoring_challenge,"NIST AI 800-4, Table 3, p. 17",Overhead of longitudinal tracking,integral_to,example_of,revised,AI 800-4 rule.,,A retained time series is one way to lower the overhead of longitudinal tracking.,proposed,,,,,,
GM-FUN-05>RMF:MEASURE-4.3,GM-FUN-05,Longitudinal record and version comparison,Performance results from earlier points in time remain available for comparison.,RMF:MEASURE-4.3,MEASURE 4.3,guidance,"NIST AI 100-1, p. 31","Measurable performance improvements or declines based on consultations with relevant AI actors, including affected communities, and field data about context-relevant risks and trustworthiness characteristics are identified and documented.",integral_to,integral_to,supported,"MEASURE 4.3 requires that 'measurable performance improvements or declines ... are identified and documented'; an improvement or decline is a comparison across time, which needs results retained from more than one point in time. Version comparison is an extra and not integral.",,Identifying a measurable improvement or decline requires performance from more than one point in time to be available for comparison.,accepted,,,,,,Accept
GM-FUN-06>RMF:MANAGE-2.4,GM-FUN-06,Correction and deactivation triggers,"A mechanism with assigned authority exists to supersede, disengage, or deactivate the system.",RMF:MANAGE-2.4,MANAGE 2.4,guidance,"NIST AI 100-1, p. 32","Mechanisms are in place and applied, and responsibilities are assigned and understood, to supersede, disengage, or deactivate AI systems that demonstrate performance or outcomes inconsistent with intended use.",integral_to,integral_to,supported,"MANAGE 2.4 reads 'Mechanisms are in place and applied, and responsibilities are assigned and understood, to supersede, disengage, or deactivate AI systems'; the core (a deactivation mechanism with an assigned authority) is what the subcategory names. Pre-set numeric triggers are extras.",,"MANAGE 2.4 names mechanisms, with assigned responsibility, to supersede, disengage, or deactivate a system; that mechanism is this control's core.",accepted,,,,,,Accept
GM-FUN-06>RMF:MANAGE-1.3,GM-FUN-06,Correction and deactivation triggers,"A mechanism with assigned authority exists to supersede, disengage, or deactivate the system.",RMF:MANAGE-1.3,MANAGE 1.3,guidance,"NIST AI 100-1, p. 32","Responses to the AI risks deemed high priority, as identified by the MAP function, are developed, planned, and documented. Risk response options can include mitigating, transferring, avoiding, or accepting.",integral_to,example_of,unresolved,"MANAGE 1.3 covers responses to risks 'deemed high priority, as identified by the MAP function'. A documented mechanism to supersede, disengage, or deactivate the system (this control's core) is necessary only if performance degradation is among the deploying organization's high-priority risks, which GAP-M cannot know.","integral_to if the author scopes GAP-M to deployments where performance degradation is mapped as high priority (arguably every clinical predictive intervention), so that a documented deactivation mechanism is a necessary response.",A trigger-action table is a documented response plan for performance risks the organization rates high priority.,accepted,supported,"MANAGE 1.3 asks that responses to high-priority risks be 'developed, planned, and documented', with options including mitigation. A documented trigger-action table for performance breaches is a planned mitigation response for performance risk.",,,,Accept; align condition with core
GM-FUN-06>HTI:B9.ii,GM-FUN-06,Correction and deactivation triggers,"A mechanism with assigned authority exists to supersede, disengage, or deactivate the system.",HTI:B9.ii,Description of frequency by which the intervention's performance is corrected when risks related to validity and fairness are identified,regulatory_disclosure_requirement,45 CFR 170.315(b)(11)(iv)(B)(9)(ii),Description of frequency by which the intervention's performance is corrected when risks related to validity and fairness are identified.,integral_to,example_of,revised,"(B)(9)(ii) describes how often performance is corrected; it can describe the developer's correction practice, so deployer triggers are not required to produce it.",,"Deployer triggers show how often performance is corrected locally, which the attribute can describe.",proposed,,,,,,
GM-FAIR-01>RMF:MEASURE-2.11,GM-FAIR-01,Subgroup performance baseline,Subgroup performance is evaluated before deployment.,RMF:MEASURE-2.11,MEASURE 2.11,guidance,"NIST AI 100-1, p. 30",Fairness and bias – as identified in the MAP function – are evaluated and results are documented.,integral_to,example_of,revised,"MEASURE 2.11 requires fairness to be 'evaluated and results ... documented' without saying when or in whose data; developer evaluation can satisfy it, so a deployer pre-deployment baseline is not required.",,A local subgroup baseline is one documented fairness evaluation.,proposed,,,,,,
GM-FAIR-02>HTI:B8.iv,GM-FAIR-02,Local fairness monitoring,Fairness of the intervention is measured in the deploying organization's own data (subgroup performance and output disparities).,HTI:B8.iv,Fairness of intervention in local data,regulatory_disclosure_requirement,45 CFR 170.315(b)(11)(iv)(B)(8)(iv),Fairness of intervention in local data; and,integral_to,example_of,unresolved,"Second pass: 'Fairness of intervention in local data' does not define fairness. Necessity holds only if fairness is read as a comparison across groups (the regulation lists demographic characteristics in (A)(5)–(13) for evidence-based interventions, which points toward, but does not establish, a group reading); individual-fairness measures are an alternative. This is the same condition as GM-FAIR-02>RMF:MEASURE-2.11.",integral_to if the author adopts a group-based reading of fairness for (B)(8)(iv).,Measuring subgroup performance and output disparities in local data is one way to produce the local fairness value.,accepted,supported,(B)(8)(iv) is 'Fairness of intervention in local data'. Measuring fairness in the deploying organization's own data produces that value.,supported,integral_to,"'Fairness of intervention in local data' can only be produced from the deploying organization's data. Same scope note as (B)(8)(ii): necessary for a populated value, not for certification, since (v)(A)(2) allows 'not available'.",Accept; correct (A)(5)-(13) phrase
GM-FAIR-02>HTI:B8.iii,GM-FAIR-02,Local fairness monitoring,Fairness of the intervention is measured in the deploying organization's own data (subgroup performance and output disparities).,HTI:B8.iii,Description of the process and frequency by which the intervention's fairness is monitored over time,regulatory_disclosure_requirement,45 CFR 170.315(b)(11)(iv)(B)(8)(iii),Description of the process and frequency by which the intervention's fairness is monitored over time;,integral_to,example_of,revised,The process description can describe any party's monitoring process.,,"Where the deploying organization runs it, local fairness monitoring is the process the attribute can describe.",accepted,,,,,,Accept
GM-FAIR-02>RMF:MEASURE-2.11,GM-FAIR-02,Local fairness monitoring,Fairness of the intervention is measured in the deploying organization's own data (subgroup performance and output disparities).,RMF:MEASURE-2.11,MEASURE 2.11,guidance,"NIST AI 100-1, p. 30",Fairness and bias – as identified in the MAP function – are evaluated and results are documented.,integral_to,example_of,unresolved,"Necessity depends on two readings of MEASURE 2.11: that 'evaluated' means evaluated in production on an ongoing basis (the AI RMF asks users to keep applying MEASURE as risks evolve), and that fairness is measured by group comparison (the regulation lists demographic characteristics in (A)(5)-(13) for evidence-based interventions, which points toward, but does not establish, a group reading). Both are defensible; neither is in the subcategory text.",integral_to if the author adopts both readings.,Measuring subgroup performance in production is one ongoing fairness evaluation.,accepted,supported,"MEASURE 2.11 asks that 'fairness and bias ... are evaluated and results are documented'. Measuring subgroup performance and disparities in production, and documenting breaches, is a fairness evaluation.",,,,Accept; correct (A)(5)-(13) phrase
GM-OPS-01>CPG:3.Q,GM-OPS-01,"Central, tamper-protected monitoring logs","Administrative and security logs of the AI system's components that the organization operates go to the organization's central, access-protected log store, with an alert if logging stops.",CPG:3.Q,Maintain Log Collection & Storage,voluntary_practice,"CISA CPG 2.0, goal 3.Q","Outcome: Enhance visibility to detect and respond to cyber incidents while ensuring security logs are protected from unauthorized access and tampering. | Scope: Organizational assets on all assets, where safe and technically feasible. | Recommended Action: Administrative and security-focused logs (e.g., operating systems, applications, and services; intrusion detection systems/intrusion prevention systems; firewalls; data loss prevention; virtual private networks) are collected and stored for use in both detection and incident response activities (e.g., forensics).Logs are stored in a central system, such as a security information and event management tool or central database and can only be accessed or modified by authorized and authenticated users. Logs are stored for a duration informed by risk or pertinent regulatory guidelines.Security teams are notified when a critical log function is disabled.OT: For OT assets where logs are non-standard or not available, network traffic and communications between those assets and other assets is collected.",integral_to,integral_to,supported,"CPG 3.Q's Recommended Action requires logs from 'operating systems, applications, and services' to be collected, stored centrally with restricted access, and an alert when a critical log function is disabled; its Scope is 'all assets, where safe and technically feasible'. The AI system is an application and service asset, so its logs must be in scope. Inference-level content (input hashes, monitoring results) is an extra.",,"CPG 3.Q's action covers application and service logs on all assets where feasible; collecting the AI components' administrative and security logs centrally, with an alert if logging stops, is that action applied to the AI system.",accepted,,,,,,Accept; narrow core
GM-OPS-01>A84:OPS-B1,GM-OPS-01,"Central, tamper-protected monitoring logs","Administrative and security logs of the AI system's components that the organization operates go to the organization's central, access-protected log store, with an alert if logging stops.",A84:OPS-B1,Fragmented logging across distributed infrastructure,monitoring_challenge,"NIST AI 800-4, Table 3, p. 17",Fragmented logging across distributed infrastructure,integral_to,example_of,revised,AI 800-4 rule; a federated query layer is another answer.,,A central log store is one answer to fragmented logging across distributed infrastructure.,proposed,,,,,,
GM-OPS-01>A84:OPS,GM-OPS-01,"Central, tamper-protected monitoring logs","Administrative and security logs of the AI system's components that the organization operates go to the organization's central, access-protected log store, with an alert if logging stops.",A84:OPS,Operational Monitoring,monitoring_challenge,"NIST AI 800-4, Table 1, p. 6","Does the system maintain consistent service across its infrastructure? Measuring system infrastructure components, for example to ensure the system maintains consistent levels of service",integral_to,example_of,revised,AI 800-4 rule.,,Complete logs are one basis for infrastructure-level monitoring.,accepted,,,,,,Accept
GM-OPS-01>RMF:MEASURE-2.4,GM-OPS-01,"Central, tamper-protected monitoring logs","Administrative and security logs of the AI system's components that the organization operates go to the organization's central, access-protected log store, with an alert if logging stops.",RMF:MEASURE-2.4,MEASURE 2.4,guidance,"NIST AI 100-1, p. 29",The functionality and behavior of the AI system and its components – as identified in the MAP function – are monitored when in production.,precedes,example_of,revised,Production monitoring can query source data directly; a central protected log store is not a prerequisite.,,Central logs are one data source for production monitoring.,accepted,,,,,,Accept
GM-OPS-01>A84:HF-G5,GM-OPS-01,"Central, tamper-protected monitoring logs","Administrative and security logs of the AI system's components that the organization operates go to the organization's central, access-protected log store, with an alert if logging stops.",A84:HF-G5,Underutilization of telemetry data,monitoring_challenge,"NIST AI 800-4, Table 3, p. 17",Underutilization of telemetry data,precedes,example_of,revised,AI 800-4 rule.,,Captured logs are one source of telemetry to put to use.,proposed,,,,,,
GM-OPS-01>A84:FUN-B3,GM-OPS-01,"Central, tamper-protected monitoring logs","Administrative and security logs of the AI system's components that the organization operates go to the organization's central, access-protected log store, with an alert if logging stops.",A84:FUN-B3,Overhead of longitudinal tracking,monitoring_challenge,"NIST AI 800-4, Table 3, p. 17",Overhead of longitudinal tracking,precedes,removed,revised,AI 800-4 rule.,,(removed in the relevance review; see section 5),removed,,,,,,Remove
GM-OPS-02>A84:OPS-G1,GM-OPS-02,Service level and cost telemetry,Service levels and indirect costs of the AI system are tracked.,A84:OPS-G1,Tracking indirect costs beyond compute,monitoring_challenge,"NIST AI 800-4, Table 3, p. 17",Tracking indirect costs beyond compute,integral_to,example_of,revised,AI 800-4 rule.,,"Tracking reviewer time, labeling, and energy is one way to track indirect costs beyond compute.",proposed,,,,,,
GM-OPS-02>A84:OPS,GM-OPS-02,Service level and cost telemetry,Service levels and indirect costs of the AI system are tracked.,A84:OPS,Operational Monitoring,monitoring_challenge,"NIST AI 800-4, Table 1, p. 6","Does the system maintain consistent service across its infrastructure? Measuring system infrastructure components, for example to ensure the system maintains consistent levels of service",integral_to,example_of,revised,AI 800-4 rule.,,Service-level monitoring is one form of operational monitoring.,proposed,,,,,,
GM-OPS-03>CPG:3.N,GM-OPS-03,Change and configuration control for AI components,Changes the organization makes to AI models and configuration pass through change control.,CPG:3.N,Establish Change Management Processes,voluntary_practice,"CISA CPG 2.0, goal 3.N","Outcome: Policies and procedures exist to manage system changes and configurations. | Scope: Organizational assets. | Recommended Action: Implement policies and processes to develop, document, and maintain secure change management for technology platforms and enforce configuration restrictions to prevent unauthorized changes.Technical configuration change control processes are in place, prohibiting unauthorized changes unless approved. Test and document proposed changes in a non-production environment and analyze potential security impacts before implementation.OT: Implement limited functionality by permitting only specific functions, protocols, and services necessary for OT operations.",integral_to,integral_to,supported,CPG 3.N's Recommended Action requires change management for technology platforms and configuration change control 'prohibiting unauthorized changes unless approved'; Scope is organizational assets. Model versions and AI configuration are configuration of an organizational asset. Updating the baseline and source attributes after a change is an extra.,,AI configuration changes go through the change management process this CPG goal requires.,accepted,,,,,,Accept; narrow core
GM-OPS-03>HTI:B9.i,GM-OPS-03,Change and configuration control for AI components,Changes the organization makes to AI models and configuration pass through change control.,HTI:B9.i,Description of process and frequency by which the intervention is updated,regulatory_disclosure_requirement,45 CFR 170.315(b)(11)(iv)(B)(9)(i),Description of process and frequency by which the intervention is updated; and,integral_to,example_of,revised,(B)(9)(i) describes the update process and frequency; it can describe the developer's process.,,The deployer's change process is one update process the attribute can describe.,accepted,,,,,,Accept
GM-OPS-04>CPG:3.O,GM-OPS-04,Fallback and recovery,AI artifacts and configuration are backed up and restorable; a fallback workflow exists.,CPG:3.O,Maintain System Backups & Restoration Ability,voluntary_practice,"CISA CPG 2.0, goal 3.O","Outcome: Organizations reduce data loss and service disruption risks while efficiently managing, responding to, and recovering from incidents to maintain continuous service delivery. | Scope: Organizational assets necessary for business operations. | Recommended Action: Develop a list of all maintained backups, including installation media, license keys, configuration information, and backup retention period of the information.Back up critical operations systems in near-real-time, and frequently back up all systems necessary for operations on a regular schedule consistent with the needs of the organization.Securely store backups offsite and offline. Test backups and recovery on a recurring basis, no less than once per year.Before initiating restoration, validate the integrity of backups and other assets intended for restoration. This verification process is to ensure that data is intact, accurate, and reliable, minimizing the risk of data corruption during the restoration process.Check restoration assets for indicators of compromise, file corruption, and other integrity issues before use.Regularly test backup information to verify media reliability and information integrity.OT: Stored information for OT assets includes, at a minimum, device configurations, roles, engineering drawings, and tools.",integral_to,example_of,unresolved,CPG 3.O's Scope is 'organizational assets necessary for business operations'. Whether a predictive intervention is such an asset depends on the deployment; GM-OPS-04's own fallback workflow is meant to make the intervention non-essential.,integral_to for the backup-and-restore part if the deploying organization classifies the AI system as necessary for business operations.,Backing up model artifacts and configuration applies the backup practice to the AI system.,accepted,supported,"CPG 3.O's action includes backing up 'configuration information' and testing recovery for systems necessary for operations. GM-OPS-04 backs up AI artifacts and configuration and tests restore annually, which is that action applied to the AI system. Whether CPG 3.O's scope reaches a given AI system is the open necessity question, not a relevance question.",,,,Accept as conditional
GM-HF-01>A84:HF-B1,GM-HF-01,User feedback capture and adjudication,"End users can report problems with outputs, and the reports are integrated into monitoring metrics.",A84:HF-B1,Overhead of collecting and gauging user feedback,monitoring_challenge,"NIST AI 800-4, Table 3, p. 17",Overhead of collecting and gauging user feedback,integral_to,example_of,revised,AI 800-4 rule.,,Low-effort in-workflow capture is one way to reduce the overhead of collecting user feedback.,proposed,,,,,,
GM-HF-01>A84:HF,GM-HF-01,User feedback capture and adjudication,"End users can report problems with outputs, and the reports are integrated into monitoring metrics.",A84:HF,Human Factors Monitoring,monitoring_challenge,"NIST AI 800-4, Table 1, p. 6","Is the system transparent to humans and high quality? Measuring human-system interactions, for example to ensure the system produces high-quality outputs and is transparent",integral_to,example_of,revised,AI 800-4 rule.,,User feedback is one measure of human-system interaction.,proposed,,,,,,
GM-HF-01>RMF:MEASURE-3.3,GM-HF-01,User feedback capture and adjudication,"End users can report problems with outputs, and the reports are integrated into monitoring metrics.",RMF:MEASURE-3.3,MEASURE 3.3,guidance,"NIST AI 100-1, p. 31",Feedback processes for end users and impacted communities to report problems and appeal system outcomes are established and integrated into AI system evaluation metrics.,integral_to,integral_to,supported,MEASURE 3.3 reads 'Feedback processes for end users ... to report problems ... are established and integrated into AI system evaluation metrics'; the core (end-user problem reporting fed into monitoring metrics) is the end-user half of what the subcategory names. The impacted-community half is GM-LSI-03.,,User problem reports integrated into evaluation metrics are what this control produces.,accepted,,,,,,Accept
GM-HF-01>RMF:GOVERN-5.2,GM-HF-01,User feedback capture and adjudication,"End users can report problems with outputs, and the reports are integrated into monitoring metrics.",RMF:GOVERN-5.2,GOVERN 5.2,guidance,"NIST AI 100-1, p. 24",Mechanisms are established to enable the team that developed or deployed AI systems to regularly incorporate adjudicated feedback from relevant AI actors into system design and implementation.,integral_to,example_of,revised,"GOVERN 5.2 asks for mechanisms to incorporate adjudicated feedback 'from relevant AI actors' into design and implementation; adjudicated feedback from other actors (external reviewers, auditors) can satisfy it, and HF-01 feeds metrics, not design.",,Adjudicated end-user feedback is one stream a team can incorporate into design and implementation.,proposed,,,,,,
GM-HF-01>RMF:MANAGE-4.1,GM-HF-01,User feedback capture and adjudication,"End users can report problems with outputs, and the reports are integrated into monitoring metrics.",RMF:MANAGE-4.1,MANAGE 4.1,guidance,"NIST AI 100-1, p. 33","Post-deployment AI system monitoring plans are implemented, including mechanisms for capturing and evaluating input from users and other relevant AI actors, appeal and override, decommissioning, incident response, recovery, and change management.",integral_to,example_of,revised,"Second pass: MANAGE 4.1 names 'mechanisms for capturing and evaluating input from users'. Periodic user surveys or interviews capture and evaluate user input without a problem-reporting route, so HF-01's core is not necessary.",,An in-workflow problem-reporting route is one mechanism for capturing and evaluating input from users.,proposed,,,supported,integral_to,MANAGE 4.1 names 'mechanisms for capturing and evaluating input from users' as part of an implemented monitoring plan; the core of HF-01 is that mechanism.,
GM-HF-02>A84:HF-G3,GM-HF-02,Interaction and override telemetry,User interactions with outputs are measured.,A84:HF-G3,Limited understanding of user interaction and behavior,monitoring_challenge,"NIST AI 800-4, Table 3, p. 17",Limited understanding of user interaction and behavior,integral_to,example_of,revised,AI 800-4 rule.,,Interaction telemetry is one way to understand user interaction and behavior.,proposed,,,,,,
GM-HF-02>A84:HF-G5,GM-HF-02,Interaction and override telemetry,User interactions with outputs are measured.,A84:HF-G5,Underutilization of telemetry data,monitoring_challenge,"NIST AI 800-4, Table 3, p. 17",Underutilization of telemetry data,integral_to,example_of,revised,AI 800-4 rule.,,Interaction reporting is one way to use telemetry that would otherwise sit unused.,proposed,,,,,,
GM-HF-02>A84:HF-G4,GM-HF-02,Interaction and override telemetry,User interactions with outputs are measured.,A84:HF-G4,Lack of insight into characteristics of system users,monitoring_challenge,"NIST AI 800-4, Table 3, p. 17",Lack of insight into characteristics of system users,integral_to,example_of,revised,AI 800-4 rule.,,"Results by role, specialty, and site give some insight into the characteristics of system users.",proposed,,,,,,
GM-HF-03>RMF:MAP-2.2,GM-HF-03,Source-attribute currency and user transparency,The deploying organization updates the source-attribute record when an underlying fact changes.,RMF:MAP-2.2,MAP 2.2,guidance,"NIST AI 100-1, p. 26",Information about the AI system’s knowledge limits and how system output may be utilized and overseen by humans is documented. Documentation provides sufficient information to assist relevant AI actors when making decisions and taking subsequent actions.,integral_to,example_of,revised,MAP 2.2 asks that knowledge limits and appropriate use be documented sufficiently for decision-makers; developer documentation or other user guidance can satisfy it without a deployer-maintained attribute register.,,A current source-attribute record is one form of documentation of knowledge limits and appropriate use.,accepted,,,,,,Accept
GM-HF-03>HTI:B3.ii,GM-HF-03,Source-attribute currency and user transparency,The deploying organization updates the source-attribute record when an underlying fact changes.,HTI:B3.ii,"Known risks, inappropriate settings, inappropriate uses, or known limitations",regulatory_disclosure_requirement,45 CFR 170.315(b)(11)(iv)(B)(3)(ii),"Known risks, inappropriate settings, inappropriate uses, or known limitations.",integral_to,example_of,revised,"The developer can update known risks under (v)(A)(1); deployer recording under (v)(B)(1) is one route, not the only one.",,Recording newly found risks and limitations is one way the deploying organization keeps this attribute current.,proposed,,,,,,
GM-HF-03>HTI:B4.iv,GM-HF-03,Source-attribute currency and user transparency,The deploying organization updates the source-attribute record when an underlying fact changes.,HTI:B4.iv,Description of relevance of training data to intended deployed setting,regulatory_disclosure_requirement,45 CFR 170.315(b)(11)(iv)(B)(4)(iv),Description of relevance of training data to intended deployed setting; and,integral_to,example_of,revised,Developer statement about the intended deployed setting; the developer can keep it current. The 'evidence_accruing' class is GAP-M's analytic choice.,,Recording local drift findings is one way to keep the relevance statement accurate.,proposed,,,,,,
GM-HF-03>HTI:B6.i,GM-HF-03,Source-attribute currency and user transparency,The deploying organization updates the source-attribute record when an underlying fact changes.,HTI:B6.i,"Description of the data source, clinical setting, or environment where an intervention's validity and fairness has been assessed, other than the source of training and testing data",regulatory_disclosure_requirement,45 CFR 170.315(b)(11)(iv)(B)(6)(i),"Description of the data source, clinical setting, or environment where an intervention's validity and fairness has been assessed, other than the source of training and testing data",integral_to,example_of,revised,External validation descriptions are developer-held; the developer can keep them current under (v)(A)(1).,,Updating the record when a new external validation appears is one way to keep this attribute current.,proposed,,,,,,
GM-HF-03>HTI:B6.ii,GM-HF-03,Source-attribute currency and user transparency,The deploying organization updates the source-attribute record when an underlying fact changes.,HTI:B6.ii,Party that conducted the external testing,regulatory_disclosure_requirement,45 CFR 170.315(b)(11)(iv)(B)(6)(ii),Party that conducted the external testing;,integral_to,example_of,revised,As (B)(6)(i).,,Updating the record when a new external validation appears is one way to keep this attribute current.,proposed,,,,,,
GM-HF-03>HTI:B6.iii,GM-HF-03,Source-attribute currency and user transparency,The deploying organization updates the source-attribute record when an underlying fact changes.,HTI:B6.iii,"Description of demographic representativeness of external data according to variables in paragraph (b)(11)(iv)(A)(5)-(13) including, at a minimum, those used as input features in the intervention",regulatory_disclosure_requirement,45 CFR 170.315(b)(11)(iv)(B)(6)(iii),"Description of demographic representativeness of external data according to variables in paragraph (b)(11)(iv)(A)(5)-(13) including, at a minimum, those used as input features in the intervention; and",integral_to,example_of,revised,As (B)(6)(i).,,Updating the record when a new external validation appears is one way to keep this attribute current.,accepted,,,,,,Accept
GM-HF-03>HTI:B6.iv,GM-HF-03,Source-attribute currency and user transparency,The deploying organization updates the source-attribute record when an underlying fact changes.,HTI:B6.iv,Description of external validation process,regulatory_disclosure_requirement,45 CFR 170.315(b)(11)(iv)(B)(6)(iv),Description of external validation process.,integral_to,example_of,revised,As (B)(6)(i).,,Updating the record when a new external validation appears is one way to keep this attribute current.,proposed,,,,,,
GM-HF-03>HTI:B7.iii,GM-HF-03,Source-attribute currency and user transparency,The deploying organization updates the source-attribute record when an underlying fact changes.,HTI:B7.iii,Validity of intervention in data external to or from a different source than the initial training data,regulatory_disclosure_requirement,45 CFR 170.315(b)(11)(iv)(B)(7)(iii),Validity of intervention in data external to or from a different source than the initial training data;,integral_to,example_of,revised,Developer-held external result; the developer can keep it current.,,Updating the record when new external validity results appear is one way to keep this attribute current.,proposed,,,,,,
GM-HF-03>HTI:B7.iv,GM-HF-03,Source-attribute currency and user transparency,The deploying organization updates the source-attribute record when an underlying fact changes.,HTI:B7.iv,Fairness of intervention in data external to or from a different source than the initial training data,regulatory_disclosure_requirement,45 CFR 170.315(b)(11)(iv)(B)(7)(iv),Fairness of intervention in data external to or from a different source than the initial training data;,integral_to,example_of,revised,Developer-held external result; the developer can keep it current.,,Updating the record when new external fairness results appear is one way to keep this attribute current.,proposed,,,,,,
GM-HF-03>HTI:B7.v,GM-HF-03,Source-attribute currency and user transparency,The deploying organization updates the source-attribute record when an underlying fact changes.,HTI:B7.v,"References to evaluation of use of the intervention on outcomes, including, bibliographic citations or hyperlinks to evaluations of how well the intervention reduced morbidity, mortality, length of stay, or other outcomes",regulatory_disclosure_requirement,45 CFR 170.315(b)(11)(iv)(B)(7)(v),"References to evaluation of use of the intervention on outcomes, including, bibliographic citations or hyperlinks to evaluations of how well the intervention reduced morbidity, mortality, length of stay, or other outcomes;",integral_to,example_of,revised,References can cite evaluations the developer tracks.,,Adding new outcome evaluations to the record is one way to keep this attribute current.,proposed,,,,,,
GM-HF-03>HTI:B8.i,GM-HF-03,Source-attribute currency and user transparency,The deploying organization updates the source-attribute record when an underlying fact changes.,HTI:B8.i,Description of process and frequency by which the intervention's validity is monitored over time,regulatory_disclosure_requirement,45 CFR 170.315(b)(11)(iv)(B)(8)(i),Description of process and frequency by which the intervention's validity is monitored over time;,integral_to,example_of,revised,The process description may describe the developer's process.,,Keeping the displayed process description in line with the process actually run is one way to keep this attribute accurate.,proposed,,,,,,
GM-HF-03>HTI:B8.ii,GM-HF-03,Source-attribute currency and user transparency,The deploying organization updates the source-attribute record when an underlying fact changes.,HTI:B8.ii,Validity of intervention in local data,regulatory_disclosure_requirement,45 CFR 170.315(b)(11)(iv)(B)(8)(ii),Validity of intervention in local data;,integral_to,example_of,unresolved,"Only the deployer holds local data, so some deployer action is necessary for a current local validity value. That action can be recording it in the module under (v)(B)(1) (HF-03) or sending results to the developer to publish. HF-03 is necessary only if the deployer records the value itself.",integral_to if GAP-M specifies that deploying organizations record local values themselves under (v)(B)(1).,Recording each new local validity result is one way the value shown to users stays current.,accepted,supported,(B)(8)(ii) is 'Validity of intervention in local data'. Recording each new local validity result in the attribute record is one way a measured value reaches the record.,,,,Accept; soften relevance wording
GM-HF-03>HTI:B8.iii,GM-HF-03,Source-attribute currency and user transparency,The deploying organization updates the source-attribute record when an underlying fact changes.,HTI:B8.iii,Description of the process and frequency by which the intervention's fairness is monitored over time,regulatory_disclosure_requirement,45 CFR 170.315(b)(11)(iv)(B)(8)(iii),Description of the process and frequency by which the intervention's fairness is monitored over time;,integral_to,example_of,revised,The process description may describe the developer's process.,,Keeping the displayed process description in line with the process actually run is one way to keep this attribute accurate.,accepted,,,,,,Accept
GM-HF-03>HTI:B8.iv,GM-HF-03,Source-attribute currency and user transparency,The deploying organization updates the source-attribute record when an underlying fact changes.,HTI:B8.iv,Fairness of intervention in local data,regulatory_disclosure_requirement,45 CFR 170.315(b)(11)(iv)(B)(8)(iv),Fairness of intervention in local data; and,integral_to,example_of,unresolved,"As (B)(8)(ii): deployer action is necessary, but HF-03's recording route is one of two routes.",integral_to if GAP-M specifies that deploying organizations record local values themselves under (v)(B)(1).,Recording each new local fairness result is one way the value shown to users stays current.,accepted,supported,(B)(8)(iv) is 'Fairness of intervention in local data'. Recording each new local fairness result in the attribute record is one way a measured value reaches the record.,,,,Accept; soften relevance wording
GM-HF-03>HTI:B9.i,GM-HF-03,Source-attribute currency and user transparency,The deploying organization updates the source-attribute record when an underlying fact changes.,HTI:B9.i,Description of process and frequency by which the intervention is updated,regulatory_disclosure_requirement,45 CFR 170.315(b)(11)(iv)(B)(9)(i),Description of process and frequency by which the intervention is updated; and,integral_to,example_of,revised,The update-process description may describe the developer's process.,,Keeping the displayed update process in line with practice is one way to keep this attribute accurate.,proposed,,,,,,
GM-HF-03>HTI:B9.ii,GM-HF-03,Source-attribute currency and user transparency,The deploying organization updates the source-attribute record when an underlying fact changes.,HTI:B9.ii,Description of frequency by which the intervention's performance is corrected when risks related to validity and fairness are identified,regulatory_disclosure_requirement,45 CFR 170.315(b)(11)(iv)(B)(9)(ii),Description of frequency by which the intervention's performance is corrected when risks related to validity and fairness are identified.,integral_to,example_of,revised,The correction-frequency description may describe the developer's practice.,,Keeping the displayed correction frequency in line with practice is one way to keep this attribute accurate.,accepted,,,,,,Accept
GM-SEC-01>A84:SEC-B1,GM-SEC-01,"Adversarial input, misuse, and anomalous behavior detection",AI-specific anomalous or adversarial behavior is detected.,A84:SEC-B1,Detecting deceptive behavior,monitoring_challenge,"NIST AI 800-4, Table 3, p. 17",Detecting deceptive behavior,integral_to,example_of,revised,AI 800-4 rule.,,Comparing production with evaluation behavior is one check for deceptive behavior.,proposed,,,,,,
GM-SEC-01>A84:SEC,GM-SEC-01,"Adversarial input, misuse, and anomalous behavior detection",AI-specific anomalous or adversarial behavior is detected.,A84:SEC,Security Monitoring,monitoring_challenge,"NIST AI 800-4, Table 1, p. 6",Is the system secure against attacks and misuse? Measuring where the system is potentially vulnerable to adversarial attacks and misuse,integral_to,example_of,revised,AI 800-4 rule.,,Detecting attack and misuse attempts is one form of security monitoring.,proposed,,,,,,
GM-SEC-01>CPG:4.B,GM-SEC-01,"Adversarial input, misuse, and anomalous behavior detection",AI-specific anomalous or adversarial behavior is detected.,CPG:4.B,Identify Adverse Events,voluntary_practice,"CISA CPG 2.0, goal 4.B","Outcome: Organizations can identify adverse security events. | Scope: Organization-wide. | Recommended Action: Ensure the organization has defined clear criteria and processes for adverse events. If an adverse event is suspected, follow the protocol outlined in the incident response plan to escalate the situation.Automate event information analysis as much as possible to accelerate the investigative timeline for managing suspected adverse events. This will give analysts the time and capacity to mitigate these events effectively.Conduct analyst role-specific training on the proper protocols and procedures to follow in the event of a suspected cyber incident.OT: Organizations should account for OT-specific events and anomalies in their processes and environments. It’s important to recognize that certain tools and alerts for behaviors or events that could indicate an intrusion might actually be normal within the OT environment.",integral_to,example_of,revised,CPG 4.B's Recommended Action is organization-wide adverse-event criteria and processes (Scope: organization-wide); general criteria can cover the AI host without AI-specific detection rules such as crafted-input or out-of-distribution detection.,,AI-specific anomaly rules extend the organization's adverse-event criteria to the AI system.,accepted,,,,,,Accept
GM-SEC-02>CPG:2.B,GM-SEC-02,Vulnerability management for AI components,AI software components the organization operates are in its vulnerability management program.,CPG:2.B,Mitigate Known Vulnerabilities,voluntary_practice,"CISA CPG 2.0, goal 2.B","Outcome: Reduced likelihood of threat actors exploiting known vulnerabilities to breach organizational networks. | Scope: All organizational assets, to include those that face the internet. | Recommended Action: Implement a vulnerability management program to patch and mitigate misconfigured software in a timely manner.Monitor risk response progress through tools such as plan of action and milestones (POA&M), risk registers, and risk detail reports.Document potential risks of proposed changes and provide rollback guidance. Assign responsibilities and ensure procedures are followed for processing and responding to cybersecurity threats, vulnerabilities, or incident disclosures from various stakeholders. Incorporate compensating security controls (e.g., defense in depth) to address legacy systems, where possible.OT: For assets where patching is either not possible or may substantially compromise availability or safety, compensating controls are applied (e.g., segmentation, monitoring) and recorded. Sufficient controls either make the asset inaccessible from the public internet or reduce the ability of threat actors to exploit the vulnerabilities in these assets.",integral_to,integral_to,supported,CPG 2.B's Scope is 'All organizational assets' and its Recommended Action is a vulnerability management program to patch and mitigate software; AI serving software and libraries are organizational software assets. AI-specific weaknesses (beyond CVEs) are an extra.,,"AI software components the organization operates are organizational assets, so they fall within the vulnerability management program this goal requires.",accepted,,,,,,Accept
GM-SEC-03>CPG:3.H,GM-SEC-03,"Access control over models, configuration, and monitoring data",Access to AI configuration and monitoring data follows least privilege.,CPG:3.H,Implement the Principles of Least Privilege,voluntary_practice,"CISA CPG 2.0, goal 3.H","Outcome: Minimizes unauthorized access to systems, data, and processes, reduces human error, and prevents malicious actions; helping ensure the organization's sensitive information and critical assets remain protected. | Scope: All organizational accounts. | Recommended Action: All user accounts, system roles, and processes operate with the minimum privileges necessary to perform their tasks.Perform quarterly reviews of access permissions and role assignments to verify compliance with established policies.",integral_to,integral_to,supported,"CPG 3.H's Recommended Action is that 'All user accounts, system roles, and processes operate with the minimum privileges necessary' (Scope: all organizational accounts); accounts with access to AI configuration and monitoring data are included.",,Least privilege over AI configuration and monitoring data is this CPG goal applied to AI.,accepted,,,,,,Accept
GM-SEC-04>A84:XC-TMT-B3,GM-SEC-04,Privacy-preserving handling of monitoring data,Monitoring data are handled with privacy protections.,A84:XC-TMT-B3,Monitoring may infringe security and privacy,monitoring_challenge,"NIST AI 800-4, Table 2, p. 9",Monitoring may infringe security and privacy,integral_to,example_of,revised,AI 800-4 rule.,,Privacy-preserving handling of monitoring data is one response to the concern that monitoring may infringe privacy.,accepted,,,,,,Accept
GM-CMP-01>RMF:GOVERN-1.1,GM-CMP-01,Requirements register for the deployed system,Applicable AI legal and regulatory requirements are documented.,RMF:GOVERN-1.1,GOVERN 1.1,guidance,"NIST AI 100-1, p. 22","Legal and regulatory requirements involving AI are understood, managed, and documented.",integral_to,integral_to,supported,"GOVERN 1.1 requires legal and regulatory requirements involving AI to be 'documented'; the core (a documented record of applicable AI requirements, organization-level or system-level) is that documentation. The per-system evidence mapping is an extra.",,GOVERN 1.1 requires AI legal and regulatory requirements to be documented; documenting them is this control's core.,accepted,,,,,,Accept
GM-CMP-01>A84:CMP-B1,GM-CMP-01,Requirements register for the deployed system,Applicable AI legal and regulatory requirements are documented.,A84:CMP-B1,Navigating the complexity of the policy landscape,monitoring_challenge,"NIST AI 800-4, Table 3, p. 17",Navigating the complexity of the policy landscape,integral_to,example_of,revised,AI 800-4 rule.,,A maintained requirements register is one tool for navigating a complex policy landscape.,proposed,,,,,,
GM-CMP-01>A84:CMP,GM-CMP-01,Requirements register for the deployed system,Applicable AI legal and regulatory requirements are documented.,A84:CMP,Compliance Monitoring,monitoring_challenge,"NIST AI 800-4, Table 1, p. 6","Does the system adhere to relevant regulations and directives? Measuring system components for adherence to relevant laws, regulations, standards, controls, and guidelines",integral_to,example_of,revised,AI 800-4 rule.,,A requirements register lists the obligations compliance monitoring measures against.,proposed,,,,,,
GM-CMP-03>A84:CMP-G1,GM-CMP-03,Out-of-scope and policy-violating use monitoring,Use of the system is checked against its documented intended scope.,A84:CMP-G1,Minimal tracking of terms of service violations,monitoring_challenge,"NIST AI 800-4, Table 3, p. 17",Minimal tracking of terms of service violations,integral_to,example_of,revised,AI 800-4 rule.,,Flagging use against terms and cautioned uses is one way to track terms-of-service violations.,proposed,,,,,,
GM-CMP-03>HTI:B2.i,GM-CMP-03,Out-of-scope and policy-violating use monitoring,Use of the system is checked against its documented intended scope.,HTI:B2.i,Intended use of the intervention,regulatory_disclosure_requirement,45 CFR 170.315(b)(11)(iv)(B)(2)(i),Intended use of the intervention;,integral_to,example_of,revised,(B)(2)(i) is a description of intended use; use monitoring checks conformance to it but the description stays accurate whether or not use conforms.,,Use monitoring checks actual use against the stated intended use.,proposed,,,,,,
GM-CMP-03>HTI:B2.ii,GM-CMP-03,Out-of-scope and policy-violating use monitoring,Use of the system is checked against its documented intended scope.,HTI:B2.ii,Intended patient population(s) for the intervention's use,regulatory_disclosure_requirement,45 CFR 170.315(b)(11)(iv)(B)(2)(ii),Intended patient population(s) for the intervention's use;,integral_to,example_of,revised,As (B)(2)(i): the intended-population description does not depend on monitoring actual patients.,,Use monitoring checks the patients the intervention runs on against the stated intended population.,proposed,,,,,,
GM-CMP-03>HTI:B3.i,GM-CMP-03,Out-of-scope and policy-violating use monitoring,Use of the system is checked against its documented intended scope.,HTI:B3.i,"Description of tasks, situations, or populations where a user is cautioned against applying the intervention",regulatory_disclosure_requirement,45 CFR 170.315(b)(11)(iv)(B)(3)(i),"Description of tasks, situations, or populations where a user is cautioned against applying the intervention; and",integral_to,example_of,revised,As (B)(2)(i): the cautioned-use description does not depend on enforcing it.,,Use monitoring flags use against the stated cautioned uses.,proposed,,,,,,
GM-LSI-01>A84:LSI-G2,GM-LSI-01,AI incident and near-miss log with impact fields,AI incidents and errors are recorded.,A84:LSI-G2,Capturing large-scale impacts within incident logging,monitoring_challenge,"NIST AI 800-4, Table 3, p. 17",Capturing large-scale impacts within incident logging,integral_to,example_of,revised,AI 800-4 rule.,,Impact fields are one way to capture large-scale impacts in incident logging.,accepted,,,,,,Accept
GM-LSI-01>A84:LSI,GM-LSI-01,AI incident and near-miss log with impact fields,AI incidents and errors are recorded.,A84:LSI,Large-Scale Impacts Monitoring,monitoring_challenge,"NIST AI 800-4, Table 1, p. 6","Does the system promote human flourishing? Measuring system properties that have wide downstream impacts, for example to ensure the system promotes human flourishing",integral_to,example_of,revised,AI 800-4 rule.,,Aggregated impact data are one measure of wide downstream effects.,proposed,,,,,,
GM-LSI-01>RMF:MANAGE-4.3,GM-LSI-01,AI incident and near-miss log with impact fields,AI incidents and errors are recorded.,RMF:MANAGE-4.3,MANAGE 4.3,guidance,"NIST AI 100-1, p. 33","Incidents and errors are communicated to relevant AI actors, including affected communities. Processes for tracking, responding to, and recovering from incidents and errors are followed and documented.",integral_to,integral_to,supported,MANAGE 4.3 requires processes for 'tracking ... incidents and errors' to be followed and documented; incidents cannot be tracked unless they are recorded. Impact fields are an extra.,,Tracking incidents and errors requires that they be recorded; that record is this control's core.,accepted,,,,,,Accept
GM-LSI-02>A84:LSI-G1,GM-LSI-02,Outcome and benefit measurement,Benefit measures are defined and tracked.,A84:LSI-G1,Defining metrics for beneficial impacts to humans,monitoring_challenge,"NIST AI 800-4, Table 3, p. 17",Defining metrics for beneficial impacts to humans,integral_to,example_of,revised,AI 800-4 rule.,,Defining benefit measures is one response to the gap in metrics for beneficial impacts.,proposed,,,,,,
GM-LSI-02>A84:LSI,GM-LSI-02,Outcome and benefit measurement,Benefit measures are defined and tracked.,A84:LSI,Large-Scale Impacts Monitoring,monitoring_challenge,"NIST AI 800-4, Table 1, p. 6","Does the system promote human flourishing? Measuring system properties that have wide downstream impacts, for example to ensure the system promotes human flourishing",integral_to,example_of,revised,AI 800-4 rule.,,Population-level benefit measures are one form of large-scale impact monitoring.,proposed,,,,,,
GM-LSI-02>HTI:B7.v,GM-LSI-02,Outcome and benefit measurement,Benefit measures are defined and tracked.,HTI:B7.v,"References to evaluation of use of the intervention on outcomes, including, bibliographic citations or hyperlinks to evaluations of how well the intervention reduced morbidity, mortality, length of stay, or other outcomes",regulatory_disclosure_requirement,45 CFR 170.315(b)(11)(iv)(B)(7)(v),"References to evaluation of use of the intervention on outcomes, including, bibliographic citations or hyperlinks to evaluations of how well the intervention reduced morbidity, mortality, length of stay, or other outcomes;",integral_to,example_of,revised,(B)(7)(v) asks for 'references to evaluation of use ... on outcomes'; external evaluations can be cited without local benefit measurement.,,A local outcome evaluation adds a reference the attribute can cite.,accepted,,,,,,Accept
GM-LSI-03>RMF:MEASURE-3.3,GM-LSI-03,Affected-community engagement and appeals,"Patients and affected communities have a route to report problems and appeal outcomes, fed into metrics.",RMF:MEASURE-3.3,MEASURE 3.3,guidance,"NIST AI 100-1, p. 31",Feedback processes for end users and impacted communities to report problems and appeal system outcomes are established and integrated into AI system evaluation metrics.,integral_to,integral_to,supported,MEASURE 3.3 reads 'Feedback processes for ... impacted communities to report problems and appeal system outcomes are established and integrated into AI system evaluation metrics'; the core of LSI-03 is that route.,,"An appeal route for impacted communities, integrated into metrics, is what this subcategory asks for.",accepted,,,,,,Accept
GM-LSI-03>RMF:MAP-5.2,GM-LSI-03,Affected-community engagement and appeals,"Patients and affected communities have a route to report problems and appeal outcomes, fed into metrics.",RMF:MAP-5.2,MAP 5.2,guidance,"NIST AI 100-1, p. 28","Practices and personnel for supporting regular engagement with relevant AI actors and integrating feedback about positive, negative, and unanticipated impacts are in place and documented.",integral_to,example_of,revised,MAP 5.2 asks for engagement with 'relevant AI actors'; engagement with affected communities specifically is not required by the text.,,Engagement with affected communities is one practice for regular engagement with relevant AI actors.,proposed,,,,,,
GM-LSI-03>RMF:GOVERN-5.1,GM-LSI-03,Affected-community engagement and appeals,"Patients and affected communities have a route to report problems and appeal outcomes, fed into metrics.",RMF:GOVERN-5.1,GOVERN 5.1,guidance,"NIST AI 100-1, p. 24","Organizational policies and practices are in place to collect, consider, prioritize, and integrate feedback from those external to the team that developed or deployed the AI system regarding the potential individual and societal impacts related to AI risks.",integral_to,example_of,revised,"GOVERN 5.1 asks for feedback from 'those external to the team'; clinician users and external reviewers are also external to the team, so a patient-facing route is not required.",,A patient and community reporting route is one way to collect feedback from people external to the team.,proposed,,,,,,
