control_id,family,family_name,a84_primary_category,title,practice_type,core,objective,activity,evidence,cadence,owner_role,links_total,links_RMF,links_A84,links_HTI,links_CPG,review_status,author_response
GM-GOV-01,GOV,Monitoring governance,XC,Monitoring plan and accountable owner,suggested_practice,A post-deployment monitoring plan covering the system exists.,"Each deployed predictive AI system has an approved post-deployment monitoring plan that names an accountable owner and sets the measures, cadence, thresholds, escalation path, and remediation authority, with monitoring intensity tiered by risk.","Approve the plan before go-live; review it at least annually and after every material model update, threshold breach, or incident.",Approved monitoring plan with version history; responsibility (RACI) matrix; review minutes.,Before go-live; annually; on material change.,"System owner, approved by the AI governance body or equivalent",10,7,1,2,0,revised,Accept with suggested edit
GM-GOV-02,GOV,Monitoring governance,XC,AI system and model inventory,suggested_practice,Deployed AI systems are recorded in an inventory.,"An inventory lists every deployed predictive AI system with its version, developer, task and output type, deployment sites, data inputs, monitoring plan, and a link to or copy of the current source-attribute record.","Update the inventory at deployment, update, and retirement; reconcile it against EHR configuration at least quarterly.",Inventory export with change log; quarterly reconciliation record.,On change; quarterly reconciliation.,AI governance office,6,2,1,2,1,revised,Accept with suggested edit
GM-GOV-03,GOV,Monitoring governance,XC,Developer monitoring obligations in contracts,suggested_practice,Contracts with the developer require notice of security incidents and vulnerabilities.,"Contracts with the intervention developer require notice, within contract-defined time frames, of model updates, changes to known risks, new validation results, security incidents, and vulnerabilities, and delivery of updated source attributes.",Include notice clauses and time frames in contracts; track developer notices and confirm source attributes are refreshed after each notice.,Contract clauses; developer notice log; source-attribute refresh records.,At contracting and renewal; on each developer notice.,Procurement with the system owner,14,4,1,7,2,revised,Accept with suggested edit
GM-GOV-04,GOV,Monitoring governance,XC,AI incident response integration,suggested_practice,The incident response plan addresses AI-specific incidents.,"Incident response plans cover AI-specific incidents (performance collapse, harmful or biased outputs, misuse, compromise of model or data), with severity criteria, containment steps, internal and external communication, and reporting, and are exercised at least annually.",Add AI scenarios to the incident response plan and run at least one AI scenario in the annual exercise.,Incident response plan with AI annex; exercise after-action report.,Annual exercise; plan update after each AI incident.,Incident response lead with the system owner,9,4,1,0,4,accepted,Accept as written
GM-GOV-05,GOV,Monitoring governance,XC,External sharing of monitoring findings,suggested_practice,A defined policy governs sharing monitoring findings outside the organization.,"Monitoring findings (incidents, drift, bias, security issues, outcome evaluations) are shared with the developer and, under a defined policy and subject to legal and privacy review, with peer deployers and sector bodies such as information sharing and analysis centers or patient safety organizations.","Apply a sharing policy that sets what is shared, with whom, how fast, and with what de-identification.",Sharing policy; log of findings shared and recipients.,On each qualifying finding; policy reviewed annually.,AI governance office,8,3,3,2,0,revised,Accept with suggested edit
GM-GOV-06,GOV,Monitoring governance,XC,Monitoring resources and competence,suggested_practice,"Monitoring has a budget, and monitoring staff and users are trained for the system.","Monitoring has budgeted resources (outcome labels, compute, reviewer and clinician time, tooling), trained staff, and users trained on the intervention's intended use and limits.",Set the monitoring budget in the plan; train monitoring staff and users before access and when the intervention changes.,Budget line; training records; staffing assignments.,Annual budget; training at onboarding and on change.,System owner,7,3,4,0,0,accepted,Accept as written
GM-GOV-07,GOV,Monitoring governance,XC,Independent assessment of monitoring,suggested_practice,Someone independent of the build/operate team periodically assesses the monitoring.,"An assessor independent of the team that built or operates the system periodically reviews monitoring design, metrics, thresholds, and results, and findings are tracked to closure.","Schedule independent review by risk tier (for example, annually for high-risk systems); track findings in a risk register.",Independent review report; findings tracker.,By risk tier; at least every two years.,Internal audit or external assessor,5,4,1,0,0,accepted,Accept as written
GM-FUN-01,FUN,Functionality monitoring,FUN,Performance baseline and deviation thresholds,suggested_practice,A pre-deployment local baseline with deviation thresholds is recorded.,"Before go-live, the organization records the baseline the system will be monitored against (validity metrics with uncertainty from the developer's internal and external validation results and, where feasible, from a local silent trial) and sets deviation thresholds that trigger review, correction, or deactivation.",Run a local silent (shadow) trial where feasible; record baseline metrics and confidence intervals; set thresholds in the monitoring plan.,Baseline report; threshold table in the monitoring plan.,Before go-live; after every model update.,Clinical or business owner with the data science lead,12,6,2,4,0,revised,Accept with suggested edits
GM-FUN-02,FUN,Functionality monitoring,FUN,Local validity monitoring,suggested_practice,Validity is measured in the deploying organization's own data.,"The intervention's validity in local data (for example discrimination, calibration, and positive predictive value at the operating threshold) is measured with confidence intervals at the planned cadence and compared with the baseline and thresholds.",Compute validity metrics on each monitoring window; flag threshold breaches to the owner.,Monitoring dashboard extracts; threshold breach log.,"As set in the plan (for example monthly or quarterly), plus event-driven.",Data science lead,9,5,2,2,0,accepted,Accept as written
GM-FUN-03,FUN,Functionality monitoring,FUN,Input data and population drift detection,suggested_practice,Input data and population mix are compared against a reference distribution.,"The distribution of input features, missingness, upstream data changes (for example code-set or EHR build changes), and the patient-population mix are monitored against the training-data description and the baseline, with alerts on meaningful shift.",Run drift statistics on each monitoring window; review alerts with data owners; record upstream changes.,Drift report; upstream change log; alert review notes.,Weekly or monthly automated; on upstream change.,Data engineering with the data science lead,8,3,2,3,0,accepted,Accept as written
GM-FUN-04,FUN,Functionality monitoring,FUN,Outcome label acquisition,suggested_practice,Reference-standard outcome labels are obtained for monitored cases.,"The organization defines how and when reference-standard outcomes are obtained for monitored cases (source, label definition, expected delay, adjudication sample) and uses label-efficient or proxy measures, with stated uncertainty, while labels are delayed.",Write a label specification; adjudicate a sample of labels; report proxy measures with their limits until labels mature.,Label specification; adjudication agreement statistics; proxy-measure notes.,Defined before go-live; adjudication sample each monitoring cycle.,Clinical owner with the data science lead,7,3,2,2,0,revised,Accept with suggested edit
GM-FUN-05,FUN,Functionality monitoring,FUN,Longitudinal record and version comparison,suggested_practice,Performance results from earlier points in time remain available for comparison.,"Monitoring results are kept as a time series across model versions and configuration changes, and every update is compared against the current version on the same local data before it goes live where the organization controls update timing, and otherwise promptly after.",Keep results in a versioned store; run a champion-challenger or before-and-after comparison for each update.,Longitudinal results store; version comparison reports.,Continuous retention; each update.,Data science lead,7,3,2,2,0,revised,Accept with suggested edit
GM-FUN-06,FUN,Functionality monitoring,FUN,Correction and deactivation triggers,suggested_practice,"A mechanism with assigned authority exists to supersede, disengage, or deactivate the system.","Threshold breaches lead to pre-defined actions (review, recalibration or retraining request, restricted use, or deactivation) with a named authority, time limits, and user notification; reactivation requires a new baseline.","Write a trigger-action table; record each breach, the action taken, and its timing.",Trigger-action table; breach and action log; deactivation and reactivation records.,On each breach.,System owner with clinical leadership,7,5,1,1,0,accepted,Accept as written
GM-FAIR-01,FAIR,Fairness monitoring,FUN,Subgroup performance baseline,suggested_practice,Subgroup performance is evaluated before deployment.,"Before go-live, validity by subgroup is recorded for the characteristics listed in 45 CFR 170.315(b)(11)(iv)(A)(5)-(13) (a list the regulation gives for evidence-based interventions, used here as a reference set) that are used as inputs or available locally, from developer and local silent-trial results, and subgroup disparity thresholds are set.",Compute subgroup metrics in the silent trial; compare them with developer-reported fairness; set disparity thresholds in the plan.,Subgroup baseline report; disparity threshold table.,Before go-live; after every model update.,Data science lead with the health equity lead,9,3,1,5,0,revised,Accept with suggested edit
GM-FAIR-02,FAIR,Fairness monitoring,FUN,Local fairness monitoring,suggested_practice,Fairness of the intervention is measured in the deploying organization's own data (subgroup performance and output disparities).,"Subgroup validity and disparity in local data are measured at the planned cadence, and disparities beyond thresholds are investigated.",Compute subgroup metrics on each monitoring window; investigate and document breaches.,Subgroup monitoring report; investigation notes.,"As set in the plan, aligned with GM-FUN-02.",Data science lead with the health equity lead,7,3,2,2,0,accepted,Accept as written
GM-OPS-01,OPS,Operational monitoring,OPS,"Central, tamper-protected monitoring logs",suggested_practice,"Administrative and security logs of the AI system's components that the organization operates go to the organization's central, access-protected log store, with an alert if logging stops.","Inference events, inputs or their hashes (minimized for protected health information), outputs, model version, user actions, and monitoring results are logged to a central, access-controlled, tamper-evident store with risk-based retention, and an alert fires when logging stops.",Route AI system logs to the central log platform; test the logging-failure alert.,Log pipeline configuration; retention setting; logging-failure alert test.,Continuous; alert test quarterly.,Platform engineering with security operations,7,3,3,0,1,revised,Accept with both edits
GM-OPS-02,OPS,Operational monitoring,OPS,Service level and cost telemetry,suggested_practice,Service levels and indirect costs of the AI system are tracked.,"Availability, latency, error and timeout rates, fallback use, and direct and indirect costs (compute, licensing, labeling, reviewer and clinician time, energy) are tracked per intervention.",Report service levels against targets; report cost per intervention each budget cycle.,Service-level report; cost report.,Continuous service levels; quarterly cost.,Platform engineering with finance,6,3,3,0,0,accepted,Accept as written
GM-OPS-03,OPS,Operational monitoring,OPS,Change and configuration control for AI components,suggested_practice,Changes the organization makes to AI models and configuration pass through change control.,"Model versions, thresholds, input mappings, and EHR build changes pass through change management with pre-change testing, a rollback plan, and an update to the monitoring baseline and the organization's source-attribute record.",Require a change ticket for every AI configuration change; block closure until baseline and attributes are updated.,Change tickets; rollback plans; attribute update records.,On each change.,Change advisory board with the system owner,5,1,1,1,2,revised,Accept with suggested edit
GM-OPS-04,OPS,Operational monitoring,OPS,Fallback and recovery,suggested_practice,AI artifacts and configuration are backed up and restorable; a fallback workflow exists.,"A documented fallback workflow runs when the intervention is unavailable or deactivated, and model artifacts and configurations are backed up and restorable to a known-good version.",Document the fallback workflow; back up artifacts and configuration; test restore at least annually.,Fallback procedure; backup records; restore test report.,Annual restore test; procedure reviewed with each update.,Platform engineering with the clinical owner,7,5,0,0,2,accepted,Accept as written
GM-HF-01,HF,Human factors monitoring,HF,User feedback capture and adjudication,suggested_practice,"End users can report problems with outputs, and the reports are integrated into monitoring metrics.","Users can flag outputs in the workflow (wrong, unhelpful, harmful) with little effort; feedback is triaged, adjudicated, fed into metrics, and the outcome is reported back.",Provide in-workflow feedback; triage weekly; include adjudicated feedback in monitoring reports.,Feedback log with adjudication outcomes; monitoring report section on feedback.,Continuous capture; weekly triage.,Clinical informatics,8,5,2,1,0,accepted,Accept as written
GM-HF-02,HF,Human factors monitoring,HF,Interaction and override telemetry,suggested_practice,User interactions with outputs are measured.,"How users act on outputs is measured (alert or display rates, acceptance, override and dismissal with reasons, time to action, alert-fatigue indicators), aggregated by user role and site.",Report interaction metrics each monitoring cycle; review shifts in reliance or override patterns.,Interaction telemetry report.,Each monitoring cycle.,Clinical informatics with the data science lead,10,3,5,2,0,revised,Accept with suggested edit
GM-HF-03,HF,Human factors monitoring,HF,Source-attribute currency and user transparency,suggested_practice,The deploying organization updates the source-attribute record when an underlying fact changes.,"The plain-language source-attribute record available to users is reviewed on a schedule and whenever monitoring changes a value, and each attribute carries a last-reviewed date and an evidence pointer. Missing information is handled by attribute: for the 11 attributes listed in 45 CFR 170.315(b)(11)(v)(A)(2), information that is not available is shown as not available rather than left blank; for the other 20 attributes, (v)(A)(1) expects complete and up-to-date descriptions, so a missing or outdated value is recorded as a gap and raised with the developer, not marked not available.","Hold an attribute register with review dates; update it from monitoring outputs, developer notices, and change tickets; track gaps in the 20 attributes without a not-available allowance until the developer resolves them.",Attribute register with review dates and evidence links; user-facing attribute display.,At least annually per attribute; within 30 days of any change in a monitored value.,Clinical informatics with the system owner,38,5,2,31,0,accepted,Accept as written
GM-SEC-01,SEC,Security monitoring,SEC,"Adversarial input, misuse, and anomalous behavior detection",suggested_practice,AI-specific anomalous or adversarial behavior is detected.,"Anomalous or crafted inputs, out-of-distribution queries, unexpected output distributions, and behavior that differs between test and production conditions are detected and routed to security operations.",Run input and output anomaly rules; compare production behavior with evaluation behavior; route alerts to the security operations queue.,Detection rules; alert log; triage records.,Continuous.,Security operations with the data science lead,6,2,2,1,1,accepted,Accept as written
GM-SEC-02,SEC,Security monitoring,SEC,Vulnerability management for AI components,suggested_practice,AI software components the organization operates are in its vulnerability management program.,"Vulnerabilities in model-serving software and libraries (including those on CISA's Known Exploited Vulnerabilities catalog), weaknesses in model artifacts, and AI-specific weaknesses are tracked and remediated by risk, and the developer is required to disclose them.",Include AI components in vulnerability scanning and patching; track AI weaknesses in the vulnerability register.,Scan results; remediation records; vulnerability register entries.,Continuous scanning; remediation by severity.,Security operations,7,3,2,0,2,revised,Accept with suggested edit
GM-SEC-03,SEC,Security monitoring,SEC,"Access control over models, configuration, and monitoring data",suggested_practice,Access to AI configuration and monitoring data follows least privilege.,"Only identified roles can change model configuration, thresholds, the organization's source-attribute record, or monitoring results; privileged access is separate and MFA-protected; access is reviewed and revoked promptly.",Enforce role-based access; review access quarterly; monitor failed logins to AI administration endpoints.,Access control lists; access review records; login monitoring alerts.,Quarterly review; continuous login monitoring.,Identity and access management,7,1,1,0,5,revised,Accept with suggested edit
GM-SEC-04,SEC,Security monitoring,SEC,Privacy-preserving handling of monitoring data,suggested_practice,Monitoring data are handled with privacy protections.,"Monitoring data are minimized, de-identified where feasible, encrypted in transit and at rest, and retention-limited, and the privacy impact of monitoring (including telemetry about users) is assessed.",Assess privacy impact of the monitoring design; apply minimization and encryption; enforce retention limits.,Privacy impact assessment; data handling configuration; retention enforcement records.,Before go-live; on change to monitoring data.,Privacy officer,4,2,1,0,1,accepted,Accept as written
GM-CMP-01,CMP,Compliance monitoring,CMP,Requirements register for the deployed system,suggested_practice,Applicable AI legal and regulatory requirements are documented.,"A register lists the legal, regulatory, certification, and contractual obligations that apply to the deployed AI system and the monitoring evidence that meets each, and is reviewed when requirements change.",Maintain the register; review it at least annually and on regulatory change; link each obligation to GAP-M evidence.,Requirements register with evidence links.,Annual; on regulatory change.,Compliance officer,6,2,2,0,2,accepted,Accept as written
GM-CMP-02,CMP,Compliance monitoring,CMP,Source-attribute completeness audit,suggested_practice,"Each source attribute is periodically checked for population, currency, evidence, or a not-available indication.","Each predictive-DSI source attribute is periodically audited to confirm it is populated, within its review interval, backed by evidence, or, where the regulation allows, explicitly shown as not available.","Sample the attribute register; check population, review date, and evidence; log and fix discrepancies.",Audit worksheet; discrepancy log.,"Annually, before accreditation reviews, and after developer certification updates.",Compliance officer with clinical informatics,13,1,1,11,0,revised,Accept with suggested edit
GM-CMP-03,CMP,Compliance monitoring,CMP,Out-of-scope and policy-violating use monitoring,suggested_practice,Use of the system is checked against its documented intended scope.,"Use outside the intended use, population, users, or setting, use against cautioned uses (for example on excluded populations, or as a replacement for clinical judgment), and violations of terms of use are monitored, reported, and corrected.",Run rules that flag use outside the documented boundaries; review flags each monitoring cycle.,Out-of-scope use rules; flag review log; corrective actions.,Each monitoring cycle.,Clinical informatics with compliance,11,4,2,5,0,accepted,Accept as written
GM-LSI-01,LSI,Large-scale impacts monitoring,LSI,AI incident and near-miss log with impact fields,suggested_practice,AI incidents and errors are recorded.,"AI-related incidents and near misses are logged with patient-, population-, and equity-impact fields (affected subgroup, severity, scale, reversibility) so diffuse and cumulative harms can be aggregated.",Add AI impact fields to the safety event system; aggregate quarterly.,Incident and near-miss log; quarterly aggregate review.,Continuous logging; quarterly aggregation.,Patient safety with the AI governance office,7,4,2,1,0,accepted,Accept as written
GM-LSI-02,LSI,Large-scale impacts monitoring,LSI,Outcome and benefit measurement,suggested_practice,Benefit measures are defined and tracked.,"The intended benefit (outcome, process, or experience measures) and unintended downstream effects are tracked at population level, with periodic review of whether benefits are realized and references to evaluations kept.",Define benefit measures before go-live; review realized benefit and side effects at least annually.,Benefit measure definitions; annual benefit review; evaluation references.,Annual review.,Clinical or business owner,9,6,2,1,0,accepted,Accept as written
GM-LSI-03,LSI,Large-scale impacts monitoring,LSI,Affected-community engagement and appeals,suggested_practice,"Patients and affected communities have a route to report problems and appeal outcomes, fed into metrics.","Patients and affected communities can report problems and appeal AI-influenced outcomes, are engaged periodically on impacts, and their input is integrated into monitoring metrics.",Publish a reporting and appeal route; hold periodic engagement; include results in monitoring reports.,Appeal route; appeal log; engagement summaries.,Continuous route; engagement at least annually.,Patient experience with the AI governance office,7,6,1,0,0,accepted,Accept as written
