element_id,framework,level,parent_id,code,label,text,locator,mappable,source_type,obligation_holder,hti_gapm_change_class,hti_gapm_change_note,hti_na_flag,cpg_risk_addressed,cpg_scope,cpg_recommended_action,cpg_cost,cpg_impact,cpg_ease
RMF:GOVERN,AI RMF 1.0,function,,GOVERN,Govern,A culture of risk management is cultivated and present,"NIST AI 100-1, Figure 5",False,guidance,none (voluntary),,,,,,,,,
RMF:MAP,AI RMF 1.0,function,,MAP,Map,Context is recognized and risks related to context are identified,"NIST AI 100-1, Figure 5",False,guidance,none (voluntary),,,,,,,,,
RMF:MEASURE,AI RMF 1.0,function,,MEASURE,Measure,"Identified risks are assessed, analyzed, or tracked","NIST AI 100-1, Figure 5",False,guidance,none (voluntary),,,,,,,,,
RMF:MANAGE,AI RMF 1.0,function,,MANAGE,Manage,Risks are prioritized and acted upon based on a projected impact,"NIST AI 100-1, Figure 5",False,guidance,none (voluntary),,,,,,,,,
RMF:GOVERN-1,AI RMF 1.0,category,RMF:GOVERN,GOVERN 1,GOVERN 1,"Policies, processes, procedures, and practices across the organization related to the mapping, measuring, and managing of AI risks are in place, transparent, and implemented effectively.","NIST AI 100-1, p. 22",False,guidance,none (voluntary),,,,,,,,,
RMF:GOVERN-2,AI RMF 1.0,category,RMF:GOVERN,GOVERN 2,GOVERN 2,"Accountability structures are in place so that the appropriate teams and individuals are empowered, responsible, and trained for mapping, measuring, and managing AI risks.","NIST AI 100-1, p. 23",False,guidance,none (voluntary),,,,,,,,,
RMF:GOVERN-3,AI RMF 1.0,category,RMF:GOVERN,GOVERN 3,GOVERN 3,"Workforce diversity, equity, inclusion, and accessibility processes are prioritized in the mapping, measuring, and managing of AI risks throughout the lifecycle.","NIST AI 100-1, p. 23",False,guidance,none (voluntary),,,,,,,,,
RMF:GOVERN-4,AI RMF 1.0,category,RMF:GOVERN,GOVERN 4,GOVERN 4,Organizational teams are committed to a culture that considers and communicates AI risk.,"NIST AI 100-1, p. 23",False,guidance,none (voluntary),,,,,,,,,
RMF:GOVERN-5,AI RMF 1.0,category,RMF:GOVERN,GOVERN 5,GOVERN 5,Processes are in place for robust engagement with relevant AI actors.,"NIST AI 100-1, p. 24",False,guidance,none (voluntary),,,,,,,,,
RMF:GOVERN-6,AI RMF 1.0,category,RMF:GOVERN,GOVERN 6,GOVERN 6,Policies and procedures are in place to address AI risks and benefits arising from third-party software and data and other supply chain issues.,"NIST AI 100-1, p. 24",False,guidance,none (voluntary),,,,,,,,,
RMF:MAP-1,AI RMF 1.0,category,RMF:MAP,MAP 1,MAP 1,Context is established and understood.,"NIST AI 100-1, p. 26",False,guidance,none (voluntary),,,,,,,,,
RMF:MAP-2,AI RMF 1.0,category,RMF:MAP,MAP 2,MAP 2,Categorization of the AI system is performed.,"NIST AI 100-1, p. 26",False,guidance,none (voluntary),,,,,,,,,
RMF:MAP-3,AI RMF 1.0,category,RMF:MAP,MAP 3,MAP 3,"AI capabilities, targeted usage, goals, and expected benefits and costs compared with appropriate benchmarks are understood.","NIST AI 100-1, p. 27",False,guidance,none (voluntary),,,,,,,,,
RMF:MAP-4,AI RMF 1.0,category,RMF:MAP,MAP 4,MAP 4,Risks and benefits are mapped for all components of the AI system including third-party software and data.,"NIST AI 100-1, p. 27",False,guidance,none (voluntary),,,,,,,,,
RMF:MAP-5,AI RMF 1.0,category,RMF:MAP,MAP 5,MAP 5,"Impacts to individuals, groups, communities, organizations, and society are characterized.","NIST AI 100-1, p. 27",False,guidance,none (voluntary),,,,,,,,,
RMF:MEASURE-1,AI RMF 1.0,category,RMF:MEASURE,MEASURE 1,MEASURE 1,Appropriate methods and metrics are identified and applied.,"NIST AI 100-1, p. 29",False,guidance,none (voluntary),,,,,,,,,
RMF:MEASURE-2,AI RMF 1.0,category,RMF:MEASURE,MEASURE 2,MEASURE 2,AI systems are evaluated for trustworthy characteristics.,"NIST AI 100-1, p. 29",False,guidance,none (voluntary),,,,,,,,,
RMF:MEASURE-3,AI RMF 1.0,category,RMF:MEASURE,MEASURE 3,MEASURE 3,Mechanisms for tracking identified AI risks over time are in place.,"NIST AI 100-1, p. 30",False,guidance,none (voluntary),,,,,,,,,
RMF:MEASURE-4,AI RMF 1.0,category,RMF:MEASURE,MEASURE 4,MEASURE 4,Feedback about efficacy of measurement is gathered and assessed.,"NIST AI 100-1, p. 31",False,guidance,none (voluntary),,,,,,,,,
RMF:MANAGE-1,AI RMF 1.0,category,RMF:MANAGE,MANAGE 1,MANAGE 1,"AI risks based on assessments and other analytical output from the MAP and MEASURE functions are prioritized, responded to, and managed.","NIST AI 100-1, p. 32",False,guidance,none (voluntary),,,,,,,,,
RMF:MANAGE-2,AI RMF 1.0,category,RMF:MANAGE,MANAGE 2,MANAGE 2,"Strategies to maximize AI benefits and minimize negative impacts are planned, prepared, implemented, documented, and informed by input from relevant AI actors.","NIST AI 100-1, p. 32",False,guidance,none (voluntary),,,,,,,,,
RMF:MANAGE-3,AI RMF 1.0,category,RMF:MANAGE,MANAGE 3,MANAGE 3,AI risks and benefits from third-party entities are managed.,"NIST AI 100-1, p. 32",False,guidance,none (voluntary),,,,,,,,,
RMF:MANAGE-4,AI RMF 1.0,category,RMF:MANAGE,MANAGE 4,MANAGE 4,"Risk treatments, including response and recovery, and communication plans for the identified and measured AI risks are documented and monitored regularly.","NIST AI 100-1, p. 33",False,guidance,none (voluntary),,,,,,,,,
RMF:GOVERN-1.1,AI RMF 1.0,subcategory,RMF:GOVERN-1,GOVERN 1.1,GOVERN 1.1,"Legal and regulatory requirements involving AI are understood, managed, and documented.","NIST AI 100-1, p. 22",True,guidance,none (voluntary),,,,,,,,,
RMF:GOVERN-1.2,AI RMF 1.0,subcategory,RMF:GOVERN-1,GOVERN 1.2,GOVERN 1.2,"The characteristics of trustworthy AI are integrated into organizational policies, processes, procedures, and practices.","NIST AI 100-1, p. 22",True,guidance,none (voluntary),,,,,,,,,
RMF:GOVERN-1.3,AI RMF 1.0,subcategory,RMF:GOVERN-1,GOVERN 1.3,GOVERN 1.3,"Processes, procedures, and practices are in place to determine the needed level of risk management activities based on the organization’s risk tolerance.","NIST AI 100-1, p. 22",True,guidance,none (voluntary),,,,,,,,,
RMF:GOVERN-1.4,AI RMF 1.0,subcategory,RMF:GOVERN-1,GOVERN 1.4,GOVERN 1.4,"The risk management process and its outcomes are established through transparent policies, procedures, and other controls based on organizational risk priorities.","NIST AI 100-1, p. 22",True,guidance,none (voluntary),,,,,,,,,
RMF:GOVERN-1.5,AI RMF 1.0,subcategory,RMF:GOVERN-1,GOVERN 1.5,GOVERN 1.5,"Ongoing monitoring and periodic review of the risk management process and its outcomes are planned and organizational roles and responsibilities clearly defined, including determining the frequency of periodic review.","NIST AI 100-1, p. 23",True,guidance,none (voluntary),,,,,,,,,
RMF:GOVERN-1.6,AI RMF 1.0,subcategory,RMF:GOVERN-1,GOVERN 1.6,GOVERN 1.6,Mechanisms are in place to inventory AI systems and are resourced according to organizational risk priorities.,"NIST AI 100-1, p. 23",True,guidance,none (voluntary),,,,,,,,,
RMF:GOVERN-1.7,AI RMF 1.0,subcategory,RMF:GOVERN-1,GOVERN 1.7,GOVERN 1.7,Processes and procedures are in place for decommissioning and phasing out AI systems safely and in a manner that does not increase risks or decrease the organization’s trustworthiness.,"NIST AI 100-1, p. 23",True,guidance,none (voluntary),,,,,,,,,
RMF:GOVERN-2.1,AI RMF 1.0,subcategory,RMF:GOVERN-2,GOVERN 2.1,GOVERN 2.1,"Roles and responsibilities and lines of communication related to mapping, measuring, and managing AI risks are documented and are clear to individuals and teams throughout the organization.","NIST AI 100-1, p. 23",True,guidance,none (voluntary),,,,,,,,,
RMF:GOVERN-2.2,AI RMF 1.0,subcategory,RMF:GOVERN-2,GOVERN 2.2,GOVERN 2.2,"The organization’s personnel and partners receive AI risk management training to enable them to perform their duties and responsibilities consistent with related policies, procedures, and agreements.","NIST AI 100-1, p. 23",True,guidance,none (voluntary),,,,,,,,,
RMF:GOVERN-2.3,AI RMF 1.0,subcategory,RMF:GOVERN-2,GOVERN 2.3,GOVERN 2.3,Executive leadership of the organization takes responsibility for decisions about risks associated with AI system development and deployment.,"NIST AI 100-1, p. 23",True,guidance,none (voluntary),,,,,,,,,
RMF:GOVERN-3.1,AI RMF 1.0,subcategory,RMF:GOVERN-3,GOVERN 3.1,GOVERN 3.1,"Decision-making related to mapping, measuring, and managing AI risks throughout the lifecycle is informed by a diverse team (e.g., diversity of demographics, disciplines, experience, expertise, and backgrounds).","NIST AI 100-1, p. 23",True,guidance,none (voluntary),,,,,,,,,
RMF:GOVERN-3.2,AI RMF 1.0,subcategory,RMF:GOVERN-3,GOVERN 3.2,GOVERN 3.2,Policies and procedures are in place to define and differentiate roles and responsibilities for human-AI configurations and oversight of AI systems.,"NIST AI 100-1, p. 23",True,guidance,none (voluntary),,,,,,,,,
RMF:GOVERN-4.1,AI RMF 1.0,subcategory,RMF:GOVERN-4,GOVERN 4.1,GOVERN 4.1,"Organizational policies and practices are in place to foster a critical thinking and safety-first mindset in the design, development, deployment, and uses of AI systems to minimize potential negative impacts.","NIST AI 100-1, p. 23",True,guidance,none (voluntary),,,,,,,,,
RMF:GOVERN-4.2,AI RMF 1.0,subcategory,RMF:GOVERN-4,GOVERN 4.2,GOVERN 4.2,"Organizational teams document the risks and potential impacts of the AI technology they design, develop, deploy, evaluate, and use, and they communicate about the impacts more broadly.","NIST AI 100-1, p. 24",True,guidance,none (voluntary),,,,,,,,,
RMF:GOVERN-4.3,AI RMF 1.0,subcategory,RMF:GOVERN-4,GOVERN 4.3,GOVERN 4.3,"Organizational practices are in place to enable AI testing, identification of incidents, and information sharing.","NIST AI 100-1, p. 24",True,guidance,none (voluntary),,,,,,,,,
RMF:GOVERN-5.1,AI RMF 1.0,subcategory,RMF:GOVERN-5,GOVERN 5.1,GOVERN 5.1,"Organizational policies and practices are in place to collect, consider, prioritize, and integrate feedback from those external to the team that developed or deployed the AI system regarding the potential individual and societal impacts related to AI risks.","NIST AI 100-1, p. 24",True,guidance,none (voluntary),,,,,,,,,
RMF:GOVERN-5.2,AI RMF 1.0,subcategory,RMF:GOVERN-5,GOVERN 5.2,GOVERN 5.2,Mechanisms are established to enable the team that developed or deployed AI systems to regularly incorporate adjudicated feedback from relevant AI actors into system design and implementation.,"NIST AI 100-1, p. 24",True,guidance,none (voluntary),,,,,,,,,
RMF:GOVERN-6.1,AI RMF 1.0,subcategory,RMF:GOVERN-6,GOVERN 6.1,GOVERN 6.1,"Policies and procedures are in place that address AI risks associated with third-party entities, including risks of infringement of a third-party’s intellectual property or other rights.","NIST AI 100-1, p. 24",True,guidance,none (voluntary),,,,,,,,,
RMF:GOVERN-6.2,AI RMF 1.0,subcategory,RMF:GOVERN-6,GOVERN 6.2,GOVERN 6.2,Contingency processes are in place to handle failures or incidents in third-party data or AI systems deemed to be high-risk.,"NIST AI 100-1, p. 24",True,guidance,none (voluntary),,,,,,,,,
RMF:MAP-1.1,AI RMF 1.0,subcategory,RMF:MAP-1,MAP 1.1,MAP 1.1,"Intended purposes, potentially beneficial uses, context-specific laws, norms and expectations, and prospective settings in which the AI system will be deployed are understood and documented. Considerations include: the specific set or types of users along with their expectations; potential positive and negative impacts of system uses to individuals, communities, organizations, society, and the planet; assumptions and related limitations about AI system purposes, uses, and risks across the development or product AI lifecycle; and related TEVV and system metrics.","NIST AI 100-1, p. 26",True,guidance,none (voluntary),,,,,,,,,
RMF:MAP-1.2,AI RMF 1.0,subcategory,RMF:MAP-1,MAP 1.2,MAP 1.2,"Interdisciplinary AI actors, competencies, skills, and capacities for establishing context reflect demographic diversity and broad domain and user experience expertise, and their participation is documented. Opportunities for interdisciplinary collaboration are prioritized.","NIST AI 100-1, p. 26",True,guidance,none (voluntary),,,,,,,,,
RMF:MAP-1.3,AI RMF 1.0,subcategory,RMF:MAP-1,MAP 1.3,MAP 1.3,The organization’s mission and relevant goals for AI technology are understood and documented.,"NIST AI 100-1, p. 26",True,guidance,none (voluntary),,,,,,,,,
RMF:MAP-1.4,AI RMF 1.0,subcategory,RMF:MAP-1,MAP 1.4,MAP 1.4,The business value or context of business use has been clearly defined or – in the case of assessing existing AI systems – re-evaluated.,"NIST AI 100-1, p. 26",True,guidance,none (voluntary),,,,,,,,,
RMF:MAP-1.5,AI RMF 1.0,subcategory,RMF:MAP-1,MAP 1.5,MAP 1.5,Organizational risk tolerances are determined and documented.,"NIST AI 100-1, p. 26",True,guidance,none (voluntary),,,,,,,,,
RMF:MAP-1.6,AI RMF 1.0,subcategory,RMF:MAP-1,MAP 1.6,MAP 1.6,"System requirements (e.g., “the system shall respect the privacy of its users”) are elicited from and understood by relevant AI actors. Design decisions take socio-technical implications into account to address AI risks.","NIST AI 100-1, p. 26",True,guidance,none (voluntary),,,,,,,,,
RMF:MAP-2.1,AI RMF 1.0,subcategory,RMF:MAP-2,MAP 2.1,MAP 2.1,"The specific tasks and methods used to implement the tasks that the AI system will support are defined (e.g., classifiers, generative models, recommenders).","NIST AI 100-1, p. 26",True,guidance,none (voluntary),,,,,,,,,
RMF:MAP-2.2,AI RMF 1.0,subcategory,RMF:MAP-2,MAP 2.2,MAP 2.2,Information about the AI system’s knowledge limits and how system output may be utilized and overseen by humans is documented. Documentation provides sufficient information to assist relevant AI actors when making decisions and taking subsequent actions.,"NIST AI 100-1, p. 26",True,guidance,none (voluntary),,,,,,,,,
RMF:MAP-2.3,AI RMF 1.0,subcategory,RMF:MAP-2,MAP 2.3,MAP 2.3,"Scientific integrity and TEVV considerations are identified and documented, including those related to experimental design, data collection and selection (e.g., availability, representativeness, suitability), system trustworthiness, and construct validation.","NIST AI 100-1, p. 27",True,guidance,none (voluntary),,,,,,,,,
RMF:MAP-3.1,AI RMF 1.0,subcategory,RMF:MAP-3,MAP 3.1,MAP 3.1,Potential benefits of intended AI system functionality and performance are examined and documented.,"NIST AI 100-1, p. 27",True,guidance,none (voluntary),,,,,,,,,
RMF:MAP-3.2,AI RMF 1.0,subcategory,RMF:MAP-3,MAP 3.2,MAP 3.2,"Potential costs, including non-monetary costs, which result from expected or realized AI errors or system functionality and trustworthiness – as connected to organizational risk tolerance – are examined and documented.","NIST AI 100-1, p. 27",True,guidance,none (voluntary),,,,,,,,,
RMF:MAP-3.3,AI RMF 1.0,subcategory,RMF:MAP-3,MAP 3.3,MAP 3.3,"Targeted application scope is specified and documented based on the system’s capability, established context, and AI system categorization.","NIST AI 100-1, p. 27",True,guidance,none (voluntary),,,,,,,,,
RMF:MAP-3.4,AI RMF 1.0,subcategory,RMF:MAP-3,MAP 3.4,MAP 3.4,"Processes for operator and practitioner proficiency with AI system performance and trustworthiness – and relevant technical standards and certifications – are defined, assessed, and documented.","NIST AI 100-1, p. 27",True,guidance,none (voluntary),,,,,,,,,
RMF:MAP-3.5,AI RMF 1.0,subcategory,RMF:MAP-3,MAP 3.5,MAP 3.5,"Processes for human oversight are defined, assessed, and documented in accordance with organizational policies from the GOVERN function.","NIST AI 100-1, p. 27",True,guidance,none (voluntary),,,,,,,,,
RMF:MAP-4.1,AI RMF 1.0,subcategory,RMF:MAP-4,MAP 4.1,MAP 4.1,"Approaches for mapping AI technology and legal risks of its components – including the use of third-party data or software – are in place, followed, and documented, as are risks of infringement of a third party’s intellectual property or other rights.","NIST AI 100-1, p. 27",True,guidance,none (voluntary),,,,,,,,,
RMF:MAP-4.2,AI RMF 1.0,subcategory,RMF:MAP-4,MAP 4.2,MAP 4.2,"Internal risk controls for components of the AI system, including third-party AI technologies, are identified and documented.","NIST AI 100-1, p. 27",True,guidance,none (voluntary),,,,,,,,,
RMF:MAP-5.1,AI RMF 1.0,subcategory,RMF:MAP-5,MAP 5.1,MAP 5.1,"Likelihood and magnitude of each identified impact (both potentially beneficial and harmful) based on expected use, past uses of AI systems in similar contexts, public incident reports, feedback from those external to the team that developed or deployed the AI system, or other data are identified and documented.","NIST AI 100-1, p. 27",True,guidance,none (voluntary),,,,,,,,,
RMF:MAP-5.2,AI RMF 1.0,subcategory,RMF:MAP-5,MAP 5.2,MAP 5.2,"Practices and personnel for supporting regular engagement with relevant AI actors and integrating feedback about positive, negative, and unanticipated impacts are in place and documented.","NIST AI 100-1, p. 28",True,guidance,none (voluntary),,,,,,,,,
RMF:MEASURE-1.1,AI RMF 1.0,subcategory,RMF:MEASURE-1,MEASURE 1.1,MEASURE 1.1,Approaches and metrics for measurement of AI risks enumerated during the MAP function are selected for implementation starting with the most significant AI risks. The risks or trustworthiness characteristics that will not – or cannot – be measured are properly documented.,"NIST AI 100-1, p. 29",True,guidance,none (voluntary),,,,,,,,,
RMF:MEASURE-1.2,AI RMF 1.0,subcategory,RMF:MEASURE-1,MEASURE 1.2,MEASURE 1.2,"Appropriateness of AI metrics and effectiveness of existing controls are regularly assessed and updated, including reports of errors and potential impacts on affected communities.","NIST AI 100-1, p. 29",True,guidance,none (voluntary),,,,,,,,,
RMF:MEASURE-1.3,AI RMF 1.0,subcategory,RMF:MEASURE-1,MEASURE 1.3,MEASURE 1.3,"Internal experts who did not serve as front-line developers for the system and/or independent assessors are involved in regular assessments and updates. Domain experts, users, AI actors external to the team that developed or deployed the AI system, and affected communities are consulted in support of assessments as necessary per organizational risk tolerance.","NIST AI 100-1, p. 29",True,guidance,none (voluntary),,,,,,,,,
RMF:MEASURE-2.1,AI RMF 1.0,subcategory,RMF:MEASURE-2,MEASURE 2.1,MEASURE 2.1,"Test sets, metrics, and details about the tools used during TEVV are documented.","NIST AI 100-1, p. 29",True,guidance,none (voluntary),,,,,,,,,
RMF:MEASURE-2.2,AI RMF 1.0,subcategory,RMF:MEASURE-2,MEASURE 2.2,MEASURE 2.2,Evaluations involving human subjects meet applicable requirements (including human subject protection) and are representative of the relevant population.,"NIST AI 100-1, p. 29",True,guidance,none (voluntary),,,,,,,,,
RMF:MEASURE-2.3,AI RMF 1.0,subcategory,RMF:MEASURE-2,MEASURE 2.3,MEASURE 2.3,AI system performance or assurance criteria are measured qualitatively or quantitatively and demonstrated for conditions similar to deployment setting(s). Measures are documented.,"NIST AI 100-1, p. 29",True,guidance,none (voluntary),,,,,,,,,
RMF:MEASURE-2.4,AI RMF 1.0,subcategory,RMF:MEASURE-2,MEASURE 2.4,MEASURE 2.4,The functionality and behavior of the AI system and its components – as identified in the MAP function – are monitored when in production.,"NIST AI 100-1, p. 29",True,guidance,none (voluntary),,,,,,,,,
RMF:MEASURE-2.5,AI RMF 1.0,subcategory,RMF:MEASURE-2,MEASURE 2.5,MEASURE 2.5,The AI system to be deployed is demonstrated to be valid and reliable. Limitations of the generalizability beyond the conditions under which the technology was developed are documented.,"NIST AI 100-1, p. 29",True,guidance,none (voluntary),,,,,,,,,
RMF:MEASURE-2.6,AI RMF 1.0,subcategory,RMF:MEASURE-2,MEASURE 2.6,MEASURE 2.6,"The AI system is evaluated regularly for safety risks – as identified in the MAP function. The AI system to be deployed is demonstrated to be safe, its residual negative risk does not exceed the risk tolerance, and it can fail safely, particularly if made to operate beyond its knowledge limits. Safety metrics reflect system reliability and robustness, real-time monitoring, and response times for AI system failures.","NIST AI 100-1, p. 30",True,guidance,none (voluntary),,,,,,,,,
RMF:MEASURE-2.7,AI RMF 1.0,subcategory,RMF:MEASURE-2,MEASURE 2.7,MEASURE 2.7,AI system security and resilience – as identified in the MAP function – are evaluated and documented.,"NIST AI 100-1, p. 30",True,guidance,none (voluntary),,,,,,,,,
RMF:MEASURE-2.8,AI RMF 1.0,subcategory,RMF:MEASURE-2,MEASURE 2.8,MEASURE 2.8,Risks associated with transparency and accountability – as identified in the MAP function – are examined and documented.,"NIST AI 100-1, p. 30",True,guidance,none (voluntary),,,,,,,,,
RMF:MEASURE-2.9,AI RMF 1.0,subcategory,RMF:MEASURE-2,MEASURE 2.9,MEASURE 2.9,"The AI model is explained, validated, and documented, and AI system output is interpreted within its context – as identified in the MAP function – to inform responsible use and governance.","NIST AI 100-1, p. 30",True,guidance,none (voluntary),,,,,,,,,
RMF:MEASURE-2.10,AI RMF 1.0,subcategory,RMF:MEASURE-2,MEASURE 2.10,MEASURE 2.10,Privacy risk of the AI system – as identified in the MAP function – is examined and documented.,"NIST AI 100-1, p. 30",True,guidance,none (voluntary),,,,,,,,,
RMF:MEASURE-2.11,AI RMF 1.0,subcategory,RMF:MEASURE-2,MEASURE 2.11,MEASURE 2.11,Fairness and bias – as identified in the MAP function – are evaluated and results are documented.,"NIST AI 100-1, p. 30",True,guidance,none (voluntary),,,,,,,,,
RMF:MEASURE-2.12,AI RMF 1.0,subcategory,RMF:MEASURE-2,MEASURE 2.12,MEASURE 2.12,Environmental impact and sustainability of AI model training and management activities – as identified in the MAP function – are assessed and documented.,"NIST AI 100-1, p. 30",True,guidance,none (voluntary),,,,,,,,,
RMF:MEASURE-2.13,AI RMF 1.0,subcategory,RMF:MEASURE-2,MEASURE 2.13,MEASURE 2.13,Effectiveness of the employed TEVV metrics and processes in the MEASURE function are evaluated and documented.,"NIST AI 100-1, p. 30",True,guidance,none (voluntary),,,,,,,,,
RMF:MEASURE-3.1,AI RMF 1.0,subcategory,RMF:MEASURE-3,MEASURE 3.1,MEASURE 3.1,"Approaches, personnel, and documentation are in place to regularly identify and track existing, unanticipated, and emergent AI risks based on factors such as intended and actual performance in deployed contexts.","NIST AI 100-1, p. 30",True,guidance,none (voluntary),,,,,,,,,
RMF:MEASURE-3.2,AI RMF 1.0,subcategory,RMF:MEASURE-3,MEASURE 3.2,MEASURE 3.2,Risk tracking approaches are considered for settings where AI risks are difficult to assess using currently available measurement techniques or where metrics are not yet available.,"NIST AI 100-1, p. 30",True,guidance,none (voluntary),,,,,,,,,
RMF:MEASURE-3.3,AI RMF 1.0,subcategory,RMF:MEASURE-3,MEASURE 3.3,MEASURE 3.3,Feedback processes for end users and impacted communities to report problems and appeal system outcomes are established and integrated into AI system evaluation metrics.,"NIST AI 100-1, p. 31",True,guidance,none (voluntary),,,,,,,,,
RMF:MEASURE-4.1,AI RMF 1.0,subcategory,RMF:MEASURE-4,MEASURE 4.1,MEASURE 4.1,Measurement approaches for identifying AI risks are connected to deployment context(s) and informed through consultation with domain experts and other end users. Approaches are documented.,"NIST AI 100-1, p. 31",True,guidance,none (voluntary),,,,,,,,,
RMF:MEASURE-4.2,AI RMF 1.0,subcategory,RMF:MEASURE-4,MEASURE 4.2,MEASURE 4.2,Measurement results regarding AI system trustworthiness in deployment context(s) and across the AI lifecycle are informed by input from domain experts and relevant AI actors to validate whether the system is performing consistently as intended. Results are documented.,"NIST AI 100-1, p. 31",True,guidance,none (voluntary),,,,,,,,,
RMF:MEASURE-4.3,AI RMF 1.0,subcategory,RMF:MEASURE-4,MEASURE 4.3,MEASURE 4.3,"Measurable performance improvements or declines based on consultations with relevant AI actors, including affected communities, and field data about context-relevant risks and trustworthiness characteristics are identified and documented.","NIST AI 100-1, p. 31",True,guidance,none (voluntary),,,,,,,,,
RMF:MANAGE-1.1,AI RMF 1.0,subcategory,RMF:MANAGE-1,MANAGE 1.1,MANAGE 1.1,A determination is made as to whether the AI system achieves its intended purposes and stated objectives and whether its development or deployment should proceed.,"NIST AI 100-1, p. 32",True,guidance,none (voluntary),,,,,,,,,
RMF:MANAGE-1.2,AI RMF 1.0,subcategory,RMF:MANAGE-1,MANAGE 1.2,MANAGE 1.2,"Treatment of documented AI risks is prioritized based on impact, likelihood, and available resources or methods.","NIST AI 100-1, p. 32",True,guidance,none (voluntary),,,,,,,,,
RMF:MANAGE-1.3,AI RMF 1.0,subcategory,RMF:MANAGE-1,MANAGE 1.3,MANAGE 1.3,"Responses to the AI risks deemed high priority, as identified by the MAP function, are developed, planned, and documented. Risk response options can include mitigating, transferring, avoiding, or accepting.","NIST AI 100-1, p. 32",True,guidance,none (voluntary),,,,,,,,,
RMF:MANAGE-1.4,AI RMF 1.0,subcategory,RMF:MANAGE-1,MANAGE 1.4,MANAGE 1.4,Negative residual risks (defined as the sum of all unmitigated risks) to both downstream acquirers of AI systems and end users are documented.,"NIST AI 100-1, p. 32",True,guidance,none (voluntary),,,,,,,,,
RMF:MANAGE-2.1,AI RMF 1.0,subcategory,RMF:MANAGE-2,MANAGE 2.1,MANAGE 2.1,"Resources required to manage AI risks are taken into account – along with viable non-AI alternative systems, approaches, or methods – to reduce the magnitude or likelihood of potential impacts.","NIST AI 100-1, p. 32",True,guidance,none (voluntary),,,,,,,,,
RMF:MANAGE-2.2,AI RMF 1.0,subcategory,RMF:MANAGE-2,MANAGE 2.2,MANAGE 2.2,Mechanisms are in place and applied to sustain the value of deployed AI systems.,"NIST AI 100-1, p. 32",True,guidance,none (voluntary),,,,,,,,,
RMF:MANAGE-2.3,AI RMF 1.0,subcategory,RMF:MANAGE-2,MANAGE 2.3,MANAGE 2.3,Procedures are followed to respond to and recover from a previously unknown risk when it is identified.,"NIST AI 100-1, p. 32",True,guidance,none (voluntary),,,,,,,,,
RMF:MANAGE-2.4,AI RMF 1.0,subcategory,RMF:MANAGE-2,MANAGE 2.4,MANAGE 2.4,"Mechanisms are in place and applied, and responsibilities are assigned and understood, to supersede, disengage, or deactivate AI systems that demonstrate performance or outcomes inconsistent with intended use.","NIST AI 100-1, p. 32",True,guidance,none (voluntary),,,,,,,,,
RMF:MANAGE-3.1,AI RMF 1.0,subcategory,RMF:MANAGE-3,MANAGE 3.1,MANAGE 3.1,"AI risks and benefits from third-party resources are regularly monitored, and risk controls are applied and documented.","NIST AI 100-1, p. 32",True,guidance,none (voluntary),,,,,,,,,
RMF:MANAGE-3.2,AI RMF 1.0,subcategory,RMF:MANAGE-3,MANAGE 3.2,MANAGE 3.2,Pre-trained models which are used for development are monitored as part of AI system regular monitoring and maintenance.,"NIST AI 100-1, p. 32",True,guidance,none (voluntary),,,,,,,,,
RMF:MANAGE-4.1,AI RMF 1.0,subcategory,RMF:MANAGE-4,MANAGE 4.1,MANAGE 4.1,"Post-deployment AI system monitoring plans are implemented, including mechanisms for capturing and evaluating input from users and other relevant AI actors, appeal and override, decommissioning, incident response, recovery, and change management.","NIST AI 100-1, p. 33",True,guidance,none (voluntary),,,,,,,,,
RMF:MANAGE-4.2,AI RMF 1.0,subcategory,RMF:MANAGE-4,MANAGE 4.2,MANAGE 4.2,"Measurable activities for continual improvements are integrated into AI system updates and include regular engagement with interested parties, including relevant AI actors.","NIST AI 100-1, p. 33",True,guidance,none (voluntary),,,,,,,,,
RMF:MANAGE-4.3,AI RMF 1.0,subcategory,RMF:MANAGE-4,MANAGE 4.3,MANAGE 4.3,"Incidents and errors are communicated to relevant AI actors, including affected communities. Processes for tracking, responding to, and recovering from incidents and errors are followed and documented.","NIST AI 100-1, p. 33",True,guidance,none (voluntary),,,,,,,,,
A84:FUN,NIST AI 800-4,monitoring_category,,FUN,Functionality Monitoring,"Does the system continue to work as intended? Measuring system functions, capabilities, and features, for example to ensure the system continues to work as intended","NIST AI 800-4, Table 1, p. 6",True,monitoring_challenge,none (describes challenges),,,,,,,,,
A84:OPS,NIST AI 800-4,monitoring_category,,OPS,Operational Monitoring,"Does the system maintain consistent service across its infrastructure? Measuring system infrastructure components, for example to ensure the system maintains consistent levels of service","NIST AI 800-4, Table 1, p. 6",True,monitoring_challenge,none (describes challenges),,,,,,,,,
A84:HF,NIST AI 800-4,monitoring_category,,HF,Human Factors Monitoring,"Is the system transparent to humans and high quality? Measuring human-system interactions, for example to ensure the system produces high-quality outputs and is transparent","NIST AI 800-4, Table 1, p. 6",True,monitoring_challenge,none (describes challenges),,,,,,,,,
A84:SEC,NIST AI 800-4,monitoring_category,,SEC,Security Monitoring,Is the system secure against attacks and misuse? Measuring where the system is potentially vulnerable to adversarial attacks and misuse,"NIST AI 800-4, Table 1, p. 6",True,monitoring_challenge,none (describes challenges),,,,,,,,,
A84:CMP,NIST AI 800-4,monitoring_category,,CMP,Compliance Monitoring,"Does the system adhere to relevant regulations and directives? Measuring system components for adherence to relevant laws, regulations, standards, controls, and guidelines","NIST AI 800-4, Table 1, p. 6",True,monitoring_challenge,none (describes challenges),,,,,,,,,
A84:LSI,NIST AI 800-4,monitoring_category,,LSI,Large-Scale Impacts Monitoring,"Does the system promote human flourishing? Measuring system properties that have wide downstream impacts, for example to ensure the system promotes human flourishing","NIST AI 800-4, Table 1, p. 6",True,monitoring_challenge,none (describes challenges),,,,,,,,,
A84:FUN-G1,NIST AI 800-4,category_gap,A84:FUN,FUN-G1,Lack of systematic model comparison,Lack of systematic model comparison,"NIST AI 800-4, Table 3, p. 17",True,monitoring_challenge,none (describes challenges),,,,,,,,,
A84:FUN-G2,NIST AI 800-4,category_gap,A84:FUN,FUN-G2,Establishing performance baselines and thresholds,Establishing performance baselines and thresholds,"NIST AI 800-4, Table 3, p. 17",True,monitoring_challenge,none (describes challenges),,,,,,,,,
A84:FUN-B1,NIST AI 800-4,category_barrier,A84:FUN,FUN-B1,Detecting performance degradation and drift,Detecting performance degradation and drift,"NIST AI 800-4, Table 3, p. 17",True,monitoring_challenge,none (describes challenges),,,,,,,,,
A84:FUN-B2,NIST AI 800-4,category_barrier,A84:FUN,FUN-B2,Missing high-quality ground truth datasets,Missing high-quality ground truth datasets,"NIST AI 800-4, Table 3, p. 17",True,monitoring_challenge,none (describes challenges),,,,,,,,,
A84:FUN-B3,NIST AI 800-4,category_barrier,A84:FUN,FUN-B3,Overhead of longitudinal tracking,Overhead of longitudinal tracking,"NIST AI 800-4, Table 3, p. 17",True,monitoring_challenge,none (describes challenges),,,,,,,,,
A84:OPS-G1,NIST AI 800-4,category_gap,A84:OPS,OPS-G1,Tracking indirect costs beyond compute,Tracking indirect costs beyond compute,"NIST AI 800-4, Table 3, p. 17",True,monitoring_challenge,none (describes challenges),,,,,,,,,
A84:OPS-B1,NIST AI 800-4,category_barrier,A84:OPS,OPS-B1,Fragmented logging across distributed infrastructure,Fragmented logging across distributed infrastructure,"NIST AI 800-4, Table 3, p. 17",True,monitoring_challenge,none (describes challenges),,,,,,,,,
A84:HF-G1,NIST AI 800-4,category_gap,A84:HF,HF-G1,Insufficient research on human-AI feedback loops,Insufficient research on human-AI feedback loops,"NIST AI 800-4, Table 3, p. 17",True,monitoring_challenge,none (describes challenges),,,,,,,,,
A84:HF-G2,NIST AI 800-4,category_gap,A84:HF,HF-G2,Limited understanding of user intent or perception through usage monitoring,Limited understanding of user intent or perception through usage monitoring,"NIST AI 800-4, Table 3, p. 17",True,monitoring_challenge,none (describes challenges),,,,,,,,,
A84:HF-G3,NIST AI 800-4,category_gap,A84:HF,HF-G3,Limited understanding of user interaction and behavior,Limited understanding of user interaction and behavior,"NIST AI 800-4, Table 3, p. 17",True,monitoring_challenge,none (describes challenges),,,,,,,,,
A84:HF-G4,NIST AI 800-4,category_gap,A84:HF,HF-G4,Lack of insight into characteristics of system users,Lack of insight into characteristics of system users,"NIST AI 800-4, Table 3, p. 17",True,monitoring_challenge,none (describes challenges),,,,,,,,,
A84:HF-G5,NIST AI 800-4,category_gap,A84:HF,HF-G5,Underutilization of telemetry data,Underutilization of telemetry data,"NIST AI 800-4, Table 3, p. 17",True,monitoring_challenge,none (describes challenges),,,,,,,,,
A84:HF-B1,NIST AI 800-4,category_barrier,A84:HF,HF-B1,Overhead of collecting and gauging user feedback,Overhead of collecting and gauging user feedback,"NIST AI 800-4, Table 3, p. 17",True,monitoring_challenge,none (describes challenges),,,,,,,,,
A84:SEC-B1,NIST AI 800-4,category_barrier,A84:SEC,SEC-B1,Detecting deceptive behavior,Detecting deceptive behavior,"NIST AI 800-4, Table 3, p. 17",True,monitoring_challenge,none (describes challenges),,,,,,,,,
A84:CMP-G1,NIST AI 800-4,category_gap,A84:CMP,CMP-G1,Minimal tracking of terms of service violations,Minimal tracking of terms of service violations,"NIST AI 800-4, Table 3, p. 17",True,monitoring_challenge,none (describes challenges),,,,,,,,,
A84:CMP-B1,NIST AI 800-4,category_barrier,A84:CMP,CMP-B1,Navigating the complexity of the policy landscape,Navigating the complexity of the policy landscape,"NIST AI 800-4, Table 3, p. 17",True,monitoring_challenge,none (describes challenges),,,,,,,,,
A84:LSI-G1,NIST AI 800-4,category_gap,A84:LSI,LSI-G1,Defining metrics for beneficial impacts to humans,Defining metrics for beneficial impacts to humans,"NIST AI 800-4, Table 3, p. 17",True,monitoring_challenge,none (describes challenges),,,,,,,,,
A84:LSI-G2,NIST AI 800-4,category_gap,A84:LSI,LSI-G2,Capturing large-scale impacts within incident logging,Capturing large-scale impacts within incident logging,"NIST AI 800-4, Table 3, p. 17",True,monitoring_challenge,none (describes challenges),,,,,,,,,
A84:LSI-B1,NIST AI 800-4,category_barrier,A84:LSI,LSI-B1,Capturing downstream effects of open-weight models,Capturing downstream effects of open-weight models,"NIST AI 800-4, Table 3, p. 17",True,monitoring_challenge,none (describes challenges),,,,,,,,,
A84:XC-TMT,NIST AI 800-4,crosscutting_category,,XC-TMT,Trusted Methods and Tools,Trusted Methods and Tools,"NIST AI 800-4, Table 2, p. 9",False,monitoring_challenge,none (describes challenges),,,,,,,,,
A84:XC-TMT-G1,NIST AI 800-4,crosscutting_gap,A84:XC-TMT,XC-TMT-G1,Lack of trusted guidelines or standards for methods and tools,Lack of trusted guidelines or standards for methods and tools,"NIST AI 800-4, Table 2, p. 9",True,monitoring_challenge,none (describes challenges),,,,,,,,,
A84:XC-TMT-B1,NIST AI 800-4,crosscutting_barrier,A84:XC-TMT,XC-TMT-B1,Monitoring is use-case-specific,Monitoring is use-case-specific,"NIST AI 800-4, Table 2, p. 9",True,monitoring_challenge,none (describes challenges),,,,,,,,,
A84:XC-TMT-B2,NIST AI 800-4,crosscutting_barrier,A84:XC-TMT,XC-TMT-B2,Uncertainty and variability in results from models,Uncertainty and variability in results from models,"NIST AI 800-4, Table 2, p. 9",True,monitoring_challenge,none (describes challenges),,,,,,,,,
A84:XC-TMT-B3,NIST AI 800-4,crosscutting_barrier,A84:XC-TMT,XC-TMT-B3,Monitoring may infringe security and privacy,Monitoring may infringe security and privacy,"NIST AI 800-4, Table 2, p. 9",True,monitoring_challenge,none (describes challenges),,,,,,,,,
A84:XC-VT,NIST AI 800-4,crosscutting_category,,XC-VT,Visibility and Transparency,Visibility and Transparency,"NIST AI 800-4, Table 2, p. 9",False,monitoring_challenge,none (describes challenges),,,,,,,,,
A84:XC-VT-G1,NIST AI 800-4,crosscutting_gap,A84:XC-VT,XC-VT-G1,Lack of direct visibility into model properties,Lack of direct visibility into model properties,"NIST AI 800-4, Table 2, p. 9",True,monitoring_challenge,none (describes challenges),,,,,,,,,
A84:XC-VT-G2,NIST AI 800-4,crosscutting_gap,A84:XC-VT,XC-VT-G2,Immature information sharing ecosystem,Immature information sharing ecosystem,"NIST AI 800-4, Table 2, p. 9",True,monitoring_challenge,none (describes challenges),,,,,,,,,
A84:XC-PC,NIST AI 800-4,crosscutting_category,,XC-PC,Pace of Change,Pace of Change,"NIST AI 800-4, Table 2, p. 9",False,monitoring_challenge,none (describes challenges),,,,,,,,,
A84:XC-PC-B1,NIST AI 800-4,crosscutting_barrier,A84:XC-PC,XC-PC-B1,Rapidly shifting landscape across the AI stack,Rapidly shifting landscape across the AI stack,"NIST AI 800-4, Table 2, p. 9",True,monitoring_challenge,none (describes challenges),,,,,,,,,
A84:XC-PC-B2,NIST AI 800-4,crosscutting_barrier,A84:XC-PC,XC-PC-B2,Scaling human-driven monitoring alongside rapid rollouts,Scaling human-driven monitoring alongside rapid rollouts,"NIST AI 800-4, Table 2, p. 9",True,monitoring_challenge,none (describes challenges),,,,,,,,,
A84:XC-IOC,NIST AI 800-4,crosscutting_category,,XC-IOC,Incentives and Organizational Culture,Incentives and Organizational Culture,"NIST AI 800-4, Table 2, p. 9",False,monitoring_challenge,none (describes challenges),,,,,,,,,
A84:XC-IOC-B1,NIST AI 800-4,crosscutting_barrier,A84:XC-IOC,XC-IOC-B1,Balancing competitive pressures with necessary oversight,Balancing competitive pressures with necessary oversight,"NIST AI 800-4, Table 2, p. 9",True,monitoring_challenge,none (describes challenges),,,,,,,,,
A84:XC-IOC-B2,NIST AI 800-4,crosscutting_barrier,A84:XC-IOC,XC-IOC-B2,Lower prioritization for ecosystem-wide transparency,Lower prioritization for ecosystem-wide transparency,"NIST AI 800-4, Table 2, p. 9",True,monitoring_challenge,none (describes challenges),,,,,,,,,
A84:XC-IOC-B3,NIST AI 800-4,crosscutting_barrier,A84:XC-IOC,XC-IOC-B3,Administrative burden,Administrative burden,"NIST AI 800-4, Table 2, p. 9",True,monitoring_challenge,none (describes challenges),,,,,,,,,
A84:XC-RR,NIST AI 800-4,crosscutting_category,,XC-RR,Resource Requirements,Resource Requirements,"NIST AI 800-4, Table 2, p. 9",False,monitoring_challenge,none (describes challenges),,,,,,,,,
A84:XC-RR-B1,NIST AI 800-4,crosscutting_barrier,A84:XC-RR,XC-RR-B1,Financial costs and compute/human resources,Financial costs and compute/human resources,"NIST AI 800-4, Table 2, p. 9",True,monitoring_challenge,none (describes challenges),,,,,,,,,
A84:XC-RR-B2,NIST AI 800-4,crosscutting_barrier,A84:XC-RR,XC-RR-B2,Hiring and training qualified AI experts,Hiring and training qualified AI experts,"NIST AI 800-4, Table 2, p. 9",True,monitoring_challenge,none (describes challenges),,,,,,,,,
HTI:B1,ONC HTI-1 (b)(11),attribute_group,,(B)(1),Details and output of the intervention,"Details and output of the intervention, including:",45 CFR 170.315(b)(11)(iv)(B)(1),False,regulatory_disclosure_requirement,certified Health IT Module / its developer,,,,,,,,,
HTI:B2,ONC HTI-1 (b)(11),attribute_group,,(B)(2),Purpose of the intervention,"Purpose of the intervention, including:",45 CFR 170.315(b)(11)(iv)(B)(2),False,regulatory_disclosure_requirement,certified Health IT Module / its developer,,,,,,,,,
HTI:B3,ONC HTI-1 (b)(11),attribute_group,,(B)(3),Cautioned out-of-scope use of the intervention,"Cautioned out-of-scope use of the intervention, including:",45 CFR 170.315(b)(11)(iv)(B)(3),False,regulatory_disclosure_requirement,certified Health IT Module / its developer,,,,,,,,,
HTI:B4,ONC HTI-1 (b)(11),attribute_group,,(B)(4),Intervention development details and input features,"Intervention development details and input features, including at a minimum:",45 CFR 170.315(b)(11)(iv)(B)(4),False,regulatory_disclosure_requirement,certified Health IT Module / its developer,,,,,,,,,
HTI:B5,ONC HTI-1 (b)(11),attribute_group,,(B)(5),Process used to ensure fairness in development of the intervention,"Process used to ensure fairness in development of the intervention, including:",45 CFR 170.315(b)(11)(iv)(B)(5),False,regulatory_disclosure_requirement,certified Health IT Module / its developer,,,,,,,,,
HTI:B6,ONC HTI-1 (b)(11),attribute_group,,(B)(6),External validation process,"External validation process, including:",45 CFR 170.315(b)(11)(iv)(B)(6),False,regulatory_disclosure_requirement,certified Health IT Module / its developer,,,,,,,,,
HTI:B7,ONC HTI-1 (b)(11),attribute_group,,(B)(7),Quantitative measures of performance,"Quantitative measures of performance, including:",45 CFR 170.315(b)(11)(iv)(B)(7),False,regulatory_disclosure_requirement,certified Health IT Module / its developer,,,,,,,,,
HTI:B8,ONC HTI-1 (b)(11),attribute_group,,(B)(8),Ongoing maintenance of intervention implementation and use,"Ongoing maintenance of intervention implementation and use, including:",45 CFR 170.315(b)(11)(iv)(B)(8),False,regulatory_disclosure_requirement,certified Health IT Module / its developer,,,,,,,,,
HTI:B9,ONC HTI-1 (b)(11),attribute_group,,(B)(9),Update and continued validation or fairness assessment schedule,"Update and continued validation or fairness assessment schedule, including:",45 CFR 170.315(b)(11)(iv)(B)(9),False,regulatory_disclosure_requirement,certified Health IT Module / its developer,,,,,,,,,
HTI:B1.i,ONC HTI-1 (b)(11),source_attribute,HTI:B1,(B)(1)(i),Name and contact information for the intervention developer,Name and contact information for the intervention developer;,45 CFR 170.315(b)(11)(iv)(B)(1)(i),True,regulatory_disclosure_requirement,certified Health IT Module / its developer,static_at_release,,False,,,,,,
HTI:B1.ii,ONC HTI-1 (b)(11),source_attribute,HTI:B1,(B)(1)(ii),Funding source of the technical implementation for the intervention(s) development,Funding source of the technical implementation for the intervention(s) development;,45 CFR 170.315(b)(11)(iv)(B)(1)(ii),True,regulatory_disclosure_requirement,certified Health IT Module / its developer,static_at_release,,False,,,,,,
HTI:B1.iii,ONC HTI-1 (b)(11),source_attribute,HTI:B1,(B)(1)(iii),Description of value that the intervention produces as an output,Description of value that the intervention produces as an output; and,45 CFR 170.315(b)(11)(iv)(B)(1)(iii),True,regulatory_disclosure_requirement,certified Health IT Module / its developer,static_at_release,,False,,,,,,
HTI:B1.iv,ONC HTI-1 (b)(11),source_attribute,HTI:B1,(B)(1)(iv),"Whether the intervention output is a prediction, classification, recommendation, evaluation, analysis, or other type of output","Whether the intervention output is a prediction, classification, recommendation, evaluation, analysis, or other type of output.",45 CFR 170.315(b)(11)(iv)(B)(1)(iv),True,regulatory_disclosure_requirement,certified Health IT Module / its developer,static_at_release,,False,,,,,,
HTI:B2.i,ONC HTI-1 (b)(11),source_attribute,HTI:B2,(B)(2)(i),Intended use of the intervention,Intended use of the intervention;,45 CFR 170.315(b)(11)(iv)(B)(2)(i),True,regulatory_disclosure_requirement,certified Health IT Module / its developer,static_at_release,Reference boundary for intended-use monitoring,False,,,,,,
HTI:B2.ii,ONC HTI-1 (b)(11),source_attribute,HTI:B2,(B)(2)(ii),Intended patient population(s) for the intervention's use,Intended patient population(s) for the intervention's use;,45 CFR 170.315(b)(11)(iv)(B)(2)(ii),True,regulatory_disclosure_requirement,certified Health IT Module / its developer,static_at_release,Reference boundary for population monitoring,False,,,,,,
HTI:B2.iii,ONC HTI-1 (b)(11),source_attribute,HTI:B2,(B)(2)(iii),Intended user(s),Intended user(s); and,45 CFR 170.315(b)(11)(iv)(B)(2)(iii),True,regulatory_disclosure_requirement,certified Health IT Module / its developer,static_at_release,Reference boundary for user monitoring,False,,,,,,
HTI:B2.iv,ONC HTI-1 (b)(11),source_attribute,HTI:B2,(B)(2)(iv),"Intended decision-making role for which the intervention was designed to be used/for (e.g., informs, augments, replaces clinical management)","Intended decision-making role for which the intervention was designed to be used/for (e.g., informs, augments, replaces clinical management).",45 CFR 170.315(b)(11)(iv)(B)(2)(iv),True,regulatory_disclosure_requirement,certified Health IT Module / its developer,static_at_release,Reference boundary for decision-role monitoring,False,,,,,,
HTI:B3.i,ONC HTI-1 (b)(11),source_attribute,HTI:B3,(B)(3)(i),"Description of tasks, situations, or populations where a user is cautioned against applying the intervention","Description of tasks, situations, or populations where a user is cautioned against applying the intervention; and",45 CFR 170.315(b)(11)(iv)(B)(3)(i),True,regulatory_disclosure_requirement,certified Health IT Module / its developer,static_at_release,Reference boundary for out-of-scope use monitoring,False,,,,,,
HTI:B3.ii,ONC HTI-1 (b)(11),source_attribute,HTI:B3,(B)(3)(ii),"Known risks, inappropriate settings, inappropriate uses, or known limitations","Known risks, inappropriate settings, inappropriate uses, or known limitations.",45 CFR 170.315(b)(11)(iv)(B)(3)(ii),True,regulatory_disclosure_requirement,certified Health IT Module / its developer,evidence_accruing,Known risks and limitations grow as monitoring finds them,False,,,,,,
HTI:B4.i,ONC HTI-1 (b)(11),source_attribute,HTI:B4,(B)(4)(i),Exclusion and inclusion criteria that influenced the training data set,Exclusion and inclusion criteria that influenced the training data set;,45 CFR 170.315(b)(11)(iv)(B)(4)(i),True,regulatory_disclosure_requirement,certified Health IT Module / its developer,static_at_release,,False,,,,,,
HTI:B4.ii,ONC HTI-1 (b)(11),source_attribute,HTI:B4,(B)(4)(ii),Use of variables in paragraphs (b)(11)(iv)(A)(5) through (13) of this section as input features,Use of variables in paragraphs (b)(11)(iv)(A)(5) through (13) of this section as input features;,45 CFR 170.315(b)(11)(iv)(B)(4)(ii),True,regulatory_disclosure_requirement,certified Health IT Module / its developer,static_at_release,,False,,,,,,
HTI:B4.iii,ONC HTI-1 (b)(11),source_attribute,HTI:B4,(B)(4)(iii),"Description of demographic representativeness according to variables in paragraphs (b)(11)(iv)(A)(5) through (13) of this section including, at a minimum, those used as input features in the intervention","Description of demographic representativeness according to variables in paragraphs (b)(11)(iv)(A)(5) through (13) of this section including, at a minimum, those used as input features in the intervention;",45 CFR 170.315(b)(11)(iv)(B)(4)(iii),True,regulatory_disclosure_requirement,certified Health IT Module / its developer,static_at_release,Baseline for comparing the deployed population,False,,,,,,
HTI:B4.iv,ONC HTI-1 (b)(11),source_attribute,HTI:B4,(B)(4)(iv),Description of relevance of training data to intended deployed setting,Description of relevance of training data to intended deployed setting; and,45 CFR 170.315(b)(11)(iv)(B)(4)(iv),True,regulatory_disclosure_requirement,certified Health IT Module / its developer,evidence_accruing,Relevance to the deployed setting is tested by drift monitoring,False,,,,,,
HTI:B5.i,ONC HTI-1 (b)(11),source_attribute,HTI:B5,(B)(5)(i),Description of the approach the intervention developer has taken to ensure that the intervention's output is fair,Description of the approach the intervention developer has taken to ensure that the intervention's output is fair; and,45 CFR 170.315(b)(11)(iv)(B)(5)(i),True,regulatory_disclosure_requirement,certified Health IT Module / its developer,static_at_release,,False,,,,,,
HTI:B5.ii,ONC HTI-1 (b)(11),source_attribute,HTI:B5,(B)(5)(ii),"Description of approaches to manage, reduce, or eliminate bias","Description of approaches to manage, reduce, or eliminate bias.",45 CFR 170.315(b)(11)(iv)(B)(5)(ii),True,regulatory_disclosure_requirement,certified Health IT Module / its developer,static_at_release,,False,,,,,,
HTI:B6.i,ONC HTI-1 (b)(11),source_attribute,HTI:B6,(B)(6)(i),"Description of the data source, clinical setting, or environment where an intervention's validity and fairness has been assessed, other than the source of training and testing data","Description of the data source, clinical setting, or environment where an intervention's validity and fairness has been assessed, other than the source of training and testing data",45 CFR 170.315(b)(11)(iv)(B)(6)(i),True,regulatory_disclosure_requirement,certified Health IT Module / its developer,evidence_accruing,,True,,,,,,
HTI:B6.ii,ONC HTI-1 (b)(11),source_attribute,HTI:B6,(B)(6)(ii),Party that conducted the external testing,Party that conducted the external testing;,45 CFR 170.315(b)(11)(iv)(B)(6)(ii),True,regulatory_disclosure_requirement,certified Health IT Module / its developer,evidence_accruing,,True,,,,,,
HTI:B6.iii,ONC HTI-1 (b)(11),source_attribute,HTI:B6,(B)(6)(iii),"Description of demographic representativeness of external data according to variables in paragraph (b)(11)(iv)(A)(5)-(13) including, at a minimum, those used as input features in the intervention","Description of demographic representativeness of external data according to variables in paragraph (b)(11)(iv)(A)(5)-(13) including, at a minimum, those used as input features in the intervention; and",45 CFR 170.315(b)(11)(iv)(B)(6)(iii),True,regulatory_disclosure_requirement,certified Health IT Module / its developer,evidence_accruing,,True,,,,,,
HTI:B6.iv,ONC HTI-1 (b)(11),source_attribute,HTI:B6,(B)(6)(iv),Description of external validation process,Description of external validation process.,45 CFR 170.315(b)(11)(iv)(B)(6)(iv),True,regulatory_disclosure_requirement,certified Health IT Module / its developer,evidence_accruing,,True,,,,,,
HTI:B7.i,ONC HTI-1 (b)(11),source_attribute,HTI:B7,(B)(7)(i),Validity of intervention in test data derived from the same source as the initial training data,Validity of intervention in test data derived from the same source as the initial training data;,45 CFR 170.315(b)(11)(iv)(B)(7)(i),True,regulatory_disclosure_requirement,certified Health IT Module / its developer,static_at_release,Pre-deployment baseline for validity thresholds,False,,,,,,
HTI:B7.ii,ONC HTI-1 (b)(11),source_attribute,HTI:B7,(B)(7)(ii),Fairness of intervention in test data derived from the same source as the initial training data,Fairness of intervention in test data derived from the same source as the initial training data;,45 CFR 170.315(b)(11)(iv)(B)(7)(ii),True,regulatory_disclosure_requirement,certified Health IT Module / its developer,static_at_release,Pre-deployment baseline for fairness thresholds,False,,,,,,
HTI:B7.iii,ONC HTI-1 (b)(11),source_attribute,HTI:B7,(B)(7)(iii),Validity of intervention in data external to or from a different source than the initial training data,Validity of intervention in data external to or from a different source than the initial training data;,45 CFR 170.315(b)(11)(iv)(B)(7)(iii),True,regulatory_disclosure_requirement,certified Health IT Module / its developer,evidence_accruing,,True,,,,,,
HTI:B7.iv,ONC HTI-1 (b)(11),source_attribute,HTI:B7,(B)(7)(iv),Fairness of intervention in data external to or from a different source than the initial training data,Fairness of intervention in data external to or from a different source than the initial training data;,45 CFR 170.315(b)(11)(iv)(B)(7)(iv),True,regulatory_disclosure_requirement,certified Health IT Module / its developer,evidence_accruing,,True,,,,,,
HTI:B7.v,ONC HTI-1 (b)(11),source_attribute,HTI:B7,(B)(7)(v),"References to evaluation of use of the intervention on outcomes, including, bibliographic citations or hyperlinks to evaluations of how well the intervention reduced morbidity, mortality, length of stay, or other outcomes","References to evaluation of use of the intervention on outcomes, including, bibliographic citations or hyperlinks to evaluations of how well the intervention reduced morbidity, mortality, length of stay, or other outcomes;",45 CFR 170.315(b)(11)(iv)(B)(7)(v),True,regulatory_disclosure_requirement,certified Health IT Module / its developer,evidence_accruing,,True,,,,,,
HTI:B8.i,ONC HTI-1 (b)(11),source_attribute,HTI:B8,(B)(8)(i),Description of process and frequency by which the intervention's validity is monitored over time,Description of process and frequency by which the intervention's validity is monitored over time;,45 CFR 170.315(b)(11)(iv)(B)(8)(i),True,regulatory_disclosure_requirement,certified Health IT Module / its developer,process_description,,False,,,,,,
HTI:B8.ii,ONC HTI-1 (b)(11),source_attribute,HTI:B8,(B)(8)(ii),Validity of intervention in local data,Validity of intervention in local data;,45 CFR 170.315(b)(11)(iv)(B)(8)(ii),True,regulatory_disclosure_requirement,certified Health IT Module / its developer,locally_measured,,True,,,,,,
HTI:B8.iii,ONC HTI-1 (b)(11),source_attribute,HTI:B8,(B)(8)(iii),Description of the process and frequency by which the intervention's fairness is monitored over time,Description of the process and frequency by which the intervention's fairness is monitored over time;,45 CFR 170.315(b)(11)(iv)(B)(8)(iii),True,regulatory_disclosure_requirement,certified Health IT Module / its developer,process_description,,False,,,,,,
HTI:B8.iv,ONC HTI-1 (b)(11),source_attribute,HTI:B8,(B)(8)(iv),Fairness of intervention in local data,Fairness of intervention in local data; and,45 CFR 170.315(b)(11)(iv)(B)(8)(iv),True,regulatory_disclosure_requirement,certified Health IT Module / its developer,locally_measured,,True,,,,,,
HTI:B9.i,ONC HTI-1 (b)(11),source_attribute,HTI:B9,(B)(9)(i),Description of process and frequency by which the intervention is updated,Description of process and frequency by which the intervention is updated; and,45 CFR 170.315(b)(11)(iv)(B)(9)(i),True,regulatory_disclosure_requirement,certified Health IT Module / its developer,process_description,,True,,,,,,
HTI:B9.ii,ONC HTI-1 (b)(11),source_attribute,HTI:B9,(B)(9)(ii),Description of frequency by which the intervention's performance is corrected when risks related to validity and fairness are identified,Description of frequency by which the intervention's performance is corrected when risks related to validity and fairness are identified.,45 CFR 170.315(b)(11)(iv)(B)(9)(ii),True,regulatory_disclosure_requirement,certified Health IT Module / its developer,process_description,,True,,,,,,
CPG:GOVERN,CISA CPG 2.0,function,,1,Govern,Govern,"CISA CPG 2.0, Govern (1)",False,voluntary_practice,none (voluntary),,,,,,,,,
CPG:IDENTIFY,CISA CPG 2.0,function,,2,Identify,Identify,"CISA CPG 2.0, Identify (2)",False,voluntary_practice,none (voluntary),,,,,,,,,
CPG:PROTECT,CISA CPG 2.0,function,,3,Protect,Protect,"CISA CPG 2.0, Protect (3)",False,voluntary_practice,none (voluntary),,,,,,,,,
CPG:DETECT,CISA CPG 2.0,function,,4,Detect,Detect,"CISA CPG 2.0, Detect (4)",False,voluntary_practice,none (voluntary),,,,,,,,,
CPG:RESPOND,CISA CPG 2.0,function,,5,Respond,Respond,"CISA CPG 2.0, Respond (5)",False,voluntary_practice,none (voluntary),,,,,,,,,
CPG:RECOVER,CISA CPG 2.0,function,,6,Recover,Recover,"CISA CPG 2.0, Recover (6)",False,voluntary_practice,none (voluntary),,,,,,,,,
CPG:1.A,CISA CPG 2.0,goal,CPG:GOVERN,1.A,Establish Cybersecurity Responsibilities,"Roles, responsibilities, and authorities related to the organization's cybersecurity program are established, communicated, enforced, and aligned within the organization and external partners.","CISA CPG 2.0, goal 1.A",True,voluntary_practice,none (voluntary),,,,"Lack of sufficient cybersecurity accountability, investment, or effectiveness.","C-suite personnel, critical section leadership, physical and cybersecurity personnel, third-party contractors, vendors, and suppliers","All roles and responsibilities involving cybersecurity should be documented in an organization’s cybersecurity policy. .Roles and responsibilities related to the cybersecurity policy and program are distributed across the organization. Third-party contractors can also be involved to assist with these activities.Ensure that legal and regulatory requirements regarding cybersecurity, including privacy, are implemented and managed.OT: Establish and maintain continuous collaboration between information technology (IT) and operational technology (OT) teams in order to streamline processes, enhance security measures, and boost operational effectiveness.",Low,High,Moderate
CPG:1.B,CISA CPG 2.0,goal,CPG:GOVERN,1.B,Manage Cybersecurity Oversight,"The organization’s cybersecurity risk management strategy, expectations, and policies are established.","CISA CPG 2.0, goal 1.B",True,voluntary_practice,none (voluntary),,,,Insufficient cybersecurity policies and procedures/practices that can manage cybersecurity risk for the organization's technologies and processes.,Organization-wide.,"Policies for managing the cybersecurity program are reviewed at least annually, updated when changes are applied, communicated, and enforced to reflect changes in requirements, risks, threats, technology, and organizational mission. Policies are established based on the organization and its cybersecurity strategy, and priorities are communicated and enforced. It is recommended that organizational governance encompass the policies, procedures, and processes necessary to manage the organization’s regulatory, legal, risk, environmental, and operational obligations.OT: OT-specific policies and procedures should consider the limitations of the existing IT cybersecurity program to identify priorities for critical operational functions, OT-specific security concerns, and compensating controls.",Low,High,Moderate
CPG:1.C,CISA CPG 2.0,goal,CPG:GOVERN,1.C,Manage Incident Response Plans,Identify improvements by practicing cybersecurity and incident response (IR) plans to maintain and update the organization’s cybersecurity program.,"CISA CPG 2.0, goal 1.C",True,voluntary_practice,none (voluntary),,,,"Inability to quickly and effectively isolate, contain, eradicate, remediate, and communicate about cybersecurity incidents.",Organization-wide.,"Organizations develop, maintain, update, and regularly exercise IR plans for common and organizationally specific (e.g., by sector, locality) threat scenarios and tactics, techniques, and procedures (TTPs). Ensure drills are realistic and include all relevant stakeholders. IR plans should be reviewed and drilled, at a minimum, on an annual basis.OT: OT IR plans account for specific safety and containment considerations, which differ from existing IT plans and priorities.",Low,High,Moderate
CPG:1.D,CISA CPG 2.0,goal,CPG:GOVERN,1.D,Supply Chain Incident Reporting & Vulnerability Disclosure,Organizations more rapidly learn about and respond to known incidents or breaches across vendors and service providers,"CISA CPG 2.0, goal 1.D",True,voluntary_practice,none (voluntary),,,,Insufficient cybersecurity supply chain risk management (C-SCRM) practices that cannot securely support the organization's technologies and processes.,Third-party vendors and service providers.,"Procurement documents and contracts, such as service-level agreements (SLAs), stipulate that vendors and/or service providers notify the procuring customer of security incidents and vulnerabilities within a risk-informed time frame as determined by the organization.OT: Organizations with OT assets need to document and track serial numbers, checksums, digital certificates/signatures, or other identifying features that can enable them to verify the authenticity of vendor-provided OT hardware, software and firmware.",Moderate,Moderate,Complex
CPG:1.E,CISA CPG 2.0,goal,CPG:GOVERN,1.E,Manage Risks from Managed Service Providers,"The risks posed by a managed service provider (MSP) are identified, recorded, assessed, prioritized, monitored, and updated over the course of the relationship.","CISA CPG 2.0, goal 1.E",True,voluntary_practice,none (voluntary),,,,Adversaries can exploit vulnerabilities by abusing trusted third-party relationships.,"Service providers that remotely manage an organization's IT and/or OT infrastructure, cybersecurity processes, and/or other related business operations.","Develop and maintain an understanding of the services, including the security products provided by MSPs. Understand contractual agreements and proactively address any security gaps that fall outside the scope of the contract. For example: contracts should detail how and when MSPs notify the customer of an incident affecting the customer's environment.",Moderate,Moderate,Complex
CPG:2.A,CISA CPG 2.0,goal,CPG:IDENTIFY,2.A,Manage Organizational Assets,"A maintained asset inventory to improve cybersecurity resilience by reducing downtime, aiding recovery, bolstering defenses, and improving preparedness.","CISA CPG 2.0, goal 2.A",True,voluntary_practice,none (voluntary),,,,"Adversaries might use computer accessories, networking hardware, or other devices as entry points to infiltrate systems or networks.","Data, hardware, software, systems, facilities, personnel.","Maintain a regularly updated inventory of all organizational assets (i.e., data, hardware, software, systems, facilities, and personnel). IT and OT assets determined to be critical for business or operational functions should be updated on a more frequent basis.",Low,High,Moderate
CPG:2.B,CISA CPG 2.0,goal,CPG:IDENTIFY,2.B,Mitigate Known Vulnerabilities,Reduced likelihood of threat actors exploiting known vulnerabilities to breach organizational networks.,"CISA CPG 2.0, goal 2.B",True,voluntary_practice,none (voluntary),,,,"Adversaries frequently target unpatched and misconfigured systems, particularly those exposed to the internet. Adversaries often leverage software vulnerabilities, temporary malfunctions, or configuration errors to gain initial access to a network.","All organizational assets, to include those that face the internet.","Implement a vulnerability management program to patch and mitigate misconfigured software in a timely manner.Monitor risk response progress through tools such as plan of action and milestones (POA&M), risk registers, and risk detail reports.Document potential risks of proposed changes and provide rollback guidance. Assign responsibilities and ensure procedures are followed for processing and responding to cybersecurity threats, vulnerabilities, or incident disclosures from various stakeholders. Incorporate compensating security controls (e.g., defense in depth) to address legacy systems, where possible.OT: For assets where patching is either not possible or may substantially compromise availability or safety, compensating controls are applied (e.g., segmentation, monitoring) and recorded. Sufficient controls either make the asset inaccessible from the public internet or reduce the ability of threat actors to exploit the vulnerabilities in these assets.",High,High,Complex
CPG:2.C,CISA CPG 2.0,goal,CPG:IDENTIFY,2.C,Obtain Independent Validation of Cybersecurity Controls,Validate that implemented security controls are properly configured and working as intended,"CISA CPG 2.0, goal 2.C",True,voluntary_practice,none (voluntary),,,,Reduce the risk of gaps in cyber defenses or overconfidence in existing protections.,Organizational assets and networks.,"Organizations regularly engage third-party cybersecurity experts to validate their defenses through various exercises, such as penetration tests, bug bounties, incident simulations, and table-top exercises. These tests, both announced and unannounced, assess the ability of adversaries to infiltrate and move laterally within the network, targeting critical systems. Ensure findings from these tests are addressed.",High,High,Complex
CPG:2.D,CISA CPG 2.0,goal,CPG:IDENTIFY,2.D,Maintain Vulnerability Disclosure/Reporting Process,Organizations more rapidly learn about vulnerabilities or weaknesses.,"CISA CPG 2.0, goal 2.D",True,voluntary_practice,none (voluntary),,,,"Reporting known security vulnerabilities in a company's software, networks, devices, and systems directly to the organization allows them to address and mitigate these vulnerabilities before adversaries can exploit them.",All public-facing assets and web domains.,"Organizations maintain a public, easily discoverable method for individuals to notify (e.g., via email address or web form) organizations’ security teams of vulnerable, misconfigured, or otherwise exploitable assets. Valid submissions are acknowledged and responded to in a timely manner, taking into account the completeness and complexity of the vulnerability. Validated and exploitable weaknesses are mitigated consistent with their severity.Individuals who identify and report vulnerabilities discovered in good faith should be protected under safe harbor rules. Safe harbor rules are provisions in law that protect individuals or entities from penalties under certain conditions.Security.txt files that conform with the recommendations in RFC 9116 are one commonly utilized standard to streamline vulnerability notifications. This should be applied to all public-facing web domains.",Low,Low,Moderate
CPG:2.E,CISA CPG 2.0,goal,CPG:IDENTIFY,2.E,Document Network Topology,More efficiently and effectively respond to incidents and maintain service continuity.,"CISA CPG 2.0, goal 2.E",True,voluntary_practice,none (voluntary),,,,Incomplete or inaccurate understanding of network topology inhibits effective incident response and recovery.,Organizational networks.,Organizations maintain accurate documentation describing current network topology and relevant information across all IT and OT networks. Network reviews should be performed and tracked on an annual basis and documentation updated when network topology changes are made.,Low,High,Moderate
CPG:3.A,CISA CPG 2.0,goal,CPG:PROTECT,3.A,Changing Default Passwords,Prevent threat actors from using default passwords to achieve initial access and move laterally in a network.,"CISA CPG 2.0, goal 3.A",True,voluntary_practice,none (voluntary),,,,"Adversaries might acquire and exploit default account credentials to gain initial access, maintain persistence, escalate privileges, or evade defenses.",Password-protected newly acquired and legacy IT and OT assets.,"Implement an organization-wide policy that requires changing default manufacturer passwords for all hardware, software, and firmware before connecting them to any internal or external network. This includes IT assets used in OT, such as OT administration web pages.If changing default passwords is not feasible (e.g., due to hard-coded passwords in control systems), document and implement appropriate compensating security controls and monitor logs for network traffic and login attempts on these devices.OT: Change default passwords on existing OT systems and establish a policy for changing default credentials on all new or future devices. This will reduce potential risk in the future if vulnerabilities change.",Low,High,Simple
CPG:3.B,CISA CPG 2.0,goal,CPG:PROTECT,3.B,Establish Minimum Password Strength,Organizational passwords are harder for threat actors to guess or crack.,"CISA CPG 2.0, goal 3.B",True,voluntary_practice,none (voluntary),,,,"Adversaries use brute force techniques to crack passwords when unknown or hashes are obtained. They systematically guess using repetitive methods, either interacting with services to validate credentials or working offline with acquired data.",User account passwords.,"Organizations have a system-enforced policy to establish a minimum password strength, to include a password length of 16 or more characters for all password-protected IT assets and all OT assets, when technically feasible. Organizations should consider leveraging passphrases and password managers to make it easier for users to maintain sufficiently long passwords. In instances where minimum password lengths are not technically feasible, compensating controls are applied and recorded, and all login attempts to those assets are logged. Assets that cannot support passwords of sufficient strength are prioritized for upgrade or replacement.",Low,High,Simple
CPG:3.C,CISA CPG 2.0,goal,CPG:PROTECT,3.C,Create Unique Credentials,"Adversaries are unable to reuse compromised credentials to move laterally across the organization, particularly between IT and OT networks.","CISA CPG 2.0, goal 3.C",True,voluntary_practice,none (voluntary),,,,"Adversaries can obtain and exploit account credentials to gain access, maintain persistence, escalate privileges, or evade defenses. These credentials can bypass network access controls for continuous access to remote systems and external services.",User accounts.,"Organizations create distinct and separate credentials for similar services and asset access across IT and OT networks. Users refrain from reusing passwords for their accounts, applications, and services. Additionally, system administrators and service/machine accounts have unique passwords that differ from those of regular user accounts.No universal non-person entity (NPE) account passwords should be deployed. If NPE devices are used, leverage different passwords for each.Role based accounts for IT and OT systems are utilized when possible.",Low,High,Simple
CPG:3.D,CISA CPG 2.0,goal,CPG:PROTECT,3.D,Revoking Credentials for Departing Staff,Prevent unauthorized access to organizational accounts or resources by former staff.,"CISA CPG 2.0, goal 3.D",True,voluntary_practice,none (voluntary),,,,Adversaries can exploit inactive accounts of former staff to evade detection.,"Departing staff, who may include contractors, vendors, etc.","Organizations should have a defined and enforced administrative process to off board staff (e.g., personnel, contractors, vendors). This process should include the return of all physical tokens and/or badges and the revocation of all access to systems and facilities.Review user access and disable accounts when inactive for a specified period (e.g., 30 days). Ideally this review is conducted using an automated process and preset policies implemented via script or platform feature.",Low,High,Moderate
CPG:3.E,CISA CPG 2.0,goal,CPG:PROTECT,3.E,Monitor Unsuccessful (Automated) Login Attempts,"Protect organizations from automated, credential-based attacks.","CISA CPG 2.0, goal 3.E",True,voluntary_practice,none (voluntary),,,,"Adversaries might acquire and exploit default account credentials to gain access, maintain persistence, escalate privileges, or evade defenses.",Password-protected newly acquired and legacy IT and OT assets.,"All unsuccessful logins are captured and logged as directed by the organization's security policy. Security personnel are notified (e.g., by an alert) after a specific number of consecutive unsuccessful login attempts in a short period and a deviation from normal user behavior. This alert is logged and stored in the relevant security or ticketing system for retroactive analysis.",Moderate,High,Moderate
CPG:3.F,CISA CPG 2.0,goal,CPG:PROTECT,3.F,Implement Multi-factor Authentication,"Add a critical, additional layer of security to protect assets accounts.","CISA CPG 2.0, goal 3.F",True,voluntary_practice,none (voluntary),,,,Adversaries without prior knowledge of legitimate credentials might try commonly used passwords across various accounts to gain access. They might also systematically guess passwords using repetitive or iterative methods.,"Organizational assets with remote access, such as workstations and human-machine interfaces (HMIs), where safe and technically feasible.","Organizations require MFA to access assets using the strongest available method, if MFA is available for that asset.MFA options sorted by strength, high to low, are as follows:1. Phishing-resistant MFA (e.g., FIDO/WebAuthn or public key infrastructure [PKI]-based—see CISA guidance in “Support Resources”).2. If phishing-resistant MFA is not available, then mobile app-based soft tokens (preferably push notification with number matching).3. MFA via short message service (SMS) or voice is only used when no other options are possible.IT: All IT accounts leverage MFA to access organizational resources. Prioritize accounts with highest risk, such as privileged administrative accounts for key IT systems.OT: MFA is enabled on all accounts and systems that can be accessed remotely, including vendors/maintenance accounts, remotely accessible user and engineering workstations, and remotely accessible HMIs when available. If MFA is not available, remove remote access, introduce additional segmentation steps, and prioritize credential management.",Moderate,High,Moderate
CPG:3.G,CISA CPG 2.0,goal,CPG:PROTECT,3.G,Administrators Maintain Separate User and Privileged Accounts,"Make it harder for threat actors to gain access to administrator or privileged accounts, even if common user accounts are compromised.","CISA CPG 2.0, goal 3.G",True,voluntary_practice,none (voluntary),,,,"Adversaries might obtain and exploit credentials from existing accounts for initial access, persistence, privilege escalation, or defense evasion. These compromised credentials can bypass network access controls and provide continuous access to remote systems and external services.","Organizational assets, where safe and technically feasible.","User accounts do not have administrator privileges. Administrators maintain separate user accounts for activities unrelated to their admin role, such as business email and web browsing. Privileges are re-evaluated on a recurring basis to validate continued need for a given set of permissions.Separation of duties is maintained by distributing responsibilities across multiple individuals or roles to reduce the risk of unauthorized actions, errors, or fraud.",Low,High,Simple
CPG:3.H,CISA CPG 2.0,goal,CPG:PROTECT,3.H,Implement the Principles of Least Privilege,"Minimizes unauthorized access to systems, data, and processes, reduces human error, and prevents malicious actions; helping ensure the organization's sensitive information and critical assets remain protected.","CISA CPG 2.0, goal 3.H",True,voluntary_practice,none (voluntary),,,,"Unauthorized access to network resources and the potential for adversaries to move across systems undetected, compromising sensitive data and critical systems.",All organizational accounts.,"All user accounts, system roles, and processes operate with the minimum privileges necessary to perform their tasks.Perform quarterly reviews of access permissions and role assignments to verify compliance with established policies.",Low,High,Simple
CPG:3.I,CISA CPG 2.0,goal,CPG:PROTECT,3.I,Implement Logical/Physical Network Segmentation,"Limiting the impact(s) of a potential breach and preventing adversaries from accessing sensitive data, spaces, and/or critical infrastructure.","CISA CPG 2.0, goal 3.I",True,voluntary_practice,none (voluntary),,,,"If a network is compromised by an unauthorized user, a securely segregated network can contain malicious occurrences.","Organizational assets, where safe and technically feasible.","Routers are placed between networks to create boundaries, increase the number of broadcast domains, and effectively filter users’ broadcast traffic. These boundaries can be used to contain security breaches by restricting traffic to separate segments and can even shut down segments of the network during an intrusion, restricting adversary access.OT: When applicable, physically segment OT enclaves (e.g., data diodes).",High,High,Complex
CPG:3.J,CISA CPG 2.0,goal,CPG:PROTECT,3.J,Implement Cybersecurity Training,Organizational users learn and perform more secure behaviors.,"CISA CPG 2.0, goal 3.J",True,voluntary_practice,none (voluntary),,,,"Train users on recognizing access or manipulation attempts by adversaries to lower the risk of successful spear phishing, social engineering, and other techniques that involve user interaction.","All employees, contractors, partners, suppliers, providers, and other users of the organization’s non-public resources.","New employees receive initial cybersecurity training prior to accessing computer systems.Provide at least annual cybersecurity training for all organizational users to train personnel in recognizing social engineering attempts and other common attacks, reporting attacks and suspicious activity, complying with acceptable use policies, and performing basic cyber hygiene tasks (e.g., choosing passwords, protecting credentials).Identify the specialized roles within the organization that require additional cybersecurity training, such as physical and cybersecurity personnel, system administrators, finance personnel, senior leadership, and anyone with access to business-critical data. Provide role-based cybersecurity training to all those in specialized roles, including contractors, partners, suppliers, and other third parties.OT: Personnel should receive security awareness and training for the OT environment. In addition, organizations should identify, document, and train all personnel who have significant OT roles and responsibilities.",Low,High,Moderate
CPG:3.K,CISA CPG 2.0,goal,CPG:PROTECT,3.K,Utilize Strong Encryption,Encryption is deployed to maintain confidentiality and integrity of sensitive data across the organization's network to protect from unauthorized access.,"CISA CPG 2.0, goal 3.K",True,voluntary_practice,none (voluntary),,,,"Adversaries can position themselves between networked devices to enable network sniffing and data manipulation, or to steal operational data from environments for personal gain or future operations.","Passwords, credentials, secrets, and other sensitive or controlled information.","Use encryption, digital signatures, and cryptographic hashes to protect the confidentiality and integrity of network communications.Identify critical electronic file types and data to protect while in transit and at rest. This may include personally identifiable information and sensitive, proprietary or trade secret information (e.g., PLC program code, robot programs, computer-aided drafting [CAD] or computer-aided manufacturing [MAC] files, operating manuals and documentation, electrical diagrams, network diagrams, historical production data).Sensitive data, including passwords, are not electronically stored in plaintext anywhere in the organization and can only be accessed by authenticated and authorized users. Credentials are stored in a secure manner, such as with a credential/password manager.OT: Use encryption for external connections and where latency issues would not result in an impact to operations.",Moderate,High,Complex
CPG:3.L,CISA CPG 2.0,goal,CPG:PROTECT,3.L,Enable Email Security,"Reduce risk from common email-based threats, such as spoofing, phishing, and interception.","CISA CPG 2.0, goal 3.L",True,voluntary_practice,none (voluntary),,,,"Adversaries might send victims emails with malicious attachments or links, aiming to run harmful code on their systems. They can also conduct phishing through third-party services like social media platforms.",All organizational email infrastructure.,"On all corporate email infrastructure (1) STARTTLS is enabled, (2) Sender Policy Framework (SPF) and DomainKeys Identified Mail (DKIM) are enabled, and (3) Domain-based Message Authentication, Reporting, and Conformance (DMARC) is enabled and set to “reject.”",Low,High,Moderate
CPG:3.M,CISA CPG 2.0,goal,CPG:PROTECT,3.M,Disable Autorun & Macros By Default,Reduce the risk from embedded macros and similar executable code.,"CISA CPG 2.0, goal 3.M",True,voluntary_practice,none (voluntary),,,,Adversaries rely on users to open malicious files to execute code. Social engineering tactics could be used to convince users to open such files.,All organizational assets.,"A system-enforced policy that disables macros, or similar embedded code, by default on all devices to prevent automatic execution of code or applications.If macros must be enabled in specific circumstances, establish a policy for authorized users to request that macros are enabled on specific assets.Autorun, or AutoPlay, should also be disabled by default to prevent unintentional code execution from sources such as USB or optical drives.",Low,Moderate,Simple
CPG:3.N,CISA CPG 2.0,goal,CPG:PROTECT,3.N,Establish Change Management Processes,Policies and procedures exist to manage system changes and configurations.,"CISA CPG 2.0, goal 3.N",True,voluntary_practice,none (voluntary),,,,"Delayed, insufficient, or incomplete ability to maintain or restore functionality of critical devices and service operations.",Organizational assets.,"Implement policies and processes to develop, document, and maintain secure change management for technology platforms and enforce configuration restrictions to prevent unauthorized changes.Technical configuration change control processes are in place, prohibiting unauthorized changes unless approved. Test and document proposed changes in a non-production environment and analyze potential security impacts before implementation.OT: Implement limited functionality by permitting only specific functions, protocols, and services necessary for OT operations.",Moderate,High,Complex
CPG:3.O,CISA CPG 2.0,goal,CPG:PROTECT,3.O,Maintain System Backups & Restoration Ability,"Organizations reduce data loss and service disruption risks while efficiently managing, responding to, and recovering from incidents to maintain continuous service delivery.","CISA CPG 2.0, goal 3.O",True,voluntary_practice,none (voluntary),,,,"Adversaries can disrupt critical systems to halt the delivery of products or services. They can delete data and disable recovery services, preventing system recovery. Adversaries may turn off services designed to aid in recovering a corrupted system.",Organizational assets necessary for business operations.,"Develop a list of all maintained backups, including installation media, license keys, configuration information, and backup retention period of the information.Back up critical operations systems in near-real-time, and frequently back up all systems necessary for operations on a regular schedule consistent with the needs of the organization.Securely store backups offsite and offline. Test backups and recovery on a recurring basis, no less than once per year.Before initiating restoration, validate the integrity of backups and other assets intended for restoration. This verification process is to ensure that data is intact, accurate, and reliable, minimizing the risk of data corruption during the restoration process.Check restoration assets for indicators of compromise, file corruption, and other integrity issues before use.Regularly test backup information to verify media reliability and information integrity.OT: Stored information for OT assets includes, at a minimum, device configurations, roles, engineering drawings, and tools.",High,High,Moderate
CPG:3.P,CISA CPG 2.0,goal,CPG:PROTECT,3.P,Maintain Hardware & Software Approval Process,"Increase visibility into deployed technology assets and reduce the likelihood of breach by users installing unapproved hardware, firmware, or software.","CISA CPG 2.0, goal 3.P",True,voluntary_practice,none (voluntary),,,,Adversaries can manipulate products or delivery mechanisms before they reach final users and attempt data or system compromise. They can target devices that move across industrial control systems and production networks.,Organizational assets.,"Implement an administrative policy and process that requires review, testing, and approval before new hardware, firmware, or software is installed or deployed.Organizations maintain a list of approved hardware, firmware, and software that includes specification of approved versions, when technically feasible.OT: Consider additional requirements for organizations with OT environments when deploying patches and updates. This includes testing and validation to ensure they do not impact operational capabilities or safety.",Moderate,High,Moderate
CPG:3.Q,CISA CPG 2.0,goal,CPG:PROTECT,3.Q,Maintain Log Collection & Storage,Enhance visibility to detect and respond to cyber incidents while ensuring security logs are protected from unauthorized access and tampering.,"CISA CPG 2.0, goal 3.Q",True,voluntary_practice,none (voluntary),,,,"Delayed, insufficient, or incomplete ability to detect and respond to potential cyber incidents","Organizational assets on all assets, where safe and technically feasible.","Administrative and security-focused logs (e.g., operating systems, applications, and services; intrusion detection systems/intrusion prevention systems; firewalls; data loss prevention; virtual private networks) are collected and stored for use in both detection and incident response activities (e.g., forensics).Logs are stored in a central system, such as a security information and event management tool or central database and can only be accessed or modified by authorized and authenticated users. Logs are stored for a duration informed by risk or pertinent regulatory guidelines.Security teams are notified when a critical log function is disabled.OT: For OT assets where logs are non-standard or not available, network traffic and communications between those assets and other assets is collected.",Moderate,High,Moderate
CPG:3.R,CISA CPG 2.0,goal,CPG:PROTECT,3.R,Prohibit Connection of Unauthorized Devices,Prevent malicious actors from achieving initial access or data exfiltration via unauthorized portable media devices.,"CISA CPG 2.0, goal 3.R",True,voluntary_practice,none (voluntary),,,,"Adversaries might infiltrate systems, including disconnected or air-gapped networks, by copying malware to removable media such as USB drives.",Organizational assets.,"Organizations maintain policies and processes to ensure that unauthorized media and hardware are not connected to IT and OT assets, such as limiting use of USB devices and removable media.OT: When feasible, establish procedures to remove, disable, or otherwise secure physical ports to prevent the connection of unauthorized devices or establish procedures for granting access through approved exceptions.",Moderate,High,Complex
CPG:3.S,CISA CPG 2.0,goal,CPG:PROTECT,3.S,Secure Internet Facing Devices,Unauthorized users cannot gain an initial system foothold by exploiting known weaknesses in internet-facing assets.,"CISA CPG 2.0, goal 3.S",True,voluntary_practice,none (voluntary),,,,"Adversaries might exploit weaknesses in internet-facing hosts or systems to gain initial network access, targeting software bugs, temporary glitches, or misconfigurations.",Organizational assets on the public internet.,"Minimize internet-facing assets whenever possible. Prioritize keeping software current with timely patches and updates. If unable to apply updates, consider removing that asset, or implement compensating controls to prevent common forms of exploitation. These controls may include network segmentation or firewalls.All operating system applications, software and network protocols that are not necessary for mission-critical applications are disabled on internet-facing assets.Network management interfaces (NMI’s) should never be exposed to the public internet and should only be accessible from within enterprise networks.Logically segment enterprise networks and production networks, including cloud-based platforms, according to trust boundaries and platform types (e.g., IT, IoT, OT, mobile, guests), and only permit required communications between segments.",Moderate,High,Complex
CPG:4.A,CISA CPG 2.0,goal,CPG:DETECT,4.A,Establish Malicious Code Detection,"Enables early threat identification, strengthens system integrity, provides insights for faster remediation, and minimizes downtime.","CISA CPG 2.0, goal 4.A",True,voluntary_practice,none (voluntary),,,,"Malicious software can involve payloads, droppers, backdoors, etc. Adversaries use malware to control remote machines, evade defenses, and execute post-compromise actions.",Organization-wide.,"Implement signature-based mechanisms (relying on known patterns or signatures of malicious code used by antivirus software to identify and block threats) and non-signature-based mechanisms (focusing behavior, heuristics, or anomalies) to detect and eradicate malicious code at system endpoints. Ensure antivirus software is updated, active, and configured to automatically scan emails and removable media (e.g., flash drives) for ransomware and other malware.OT: Using antivirus software with OT devices may require special practices, including compatibility checks, change management, and performance impact metrics. These practices should be employed to test new signatures and new versions of malicious code protection solutions.",Moderate,High,Moderate
CPG:4.B,CISA CPG 2.0,goal,CPG:DETECT,4.B,Identify Adverse Events,Organizations can identify adverse security events.,"CISA CPG 2.0, goal 4.B",True,voluntary_practice,none (voluntary),,,,"Initial access, privilege escalation, and lateral movement.",Organization-wide.,"Ensure the organization has defined clear criteria and processes for adverse events. If an adverse event is suspected, follow the protocol outlined in the incident response plan to escalate the situation.Automate event information analysis as much as possible to accelerate the investigative timeline for managing suspected adverse events. This will give analysts the time and capacity to mitigate these events effectively.Conduct analyst role-specific training on the proper protocols and procedures to follow in the event of a suspected cyber incident.OT: Organizations should account for OT-specific events and anomalies in their processes and environments. It’s important to recognize that certain tools and alerts for behaviors or events that could indicate an intrusion might actually be normal within the OT environment.",Moderate,High,Complex
CPG:5.A,CISA CPG 2.0,goal,CPG:RESPOND,5.A,Establish Incident Communication Procedures,Coordinate crisis communication methods between internal and external organization partners and critical suppliers.,"CISA CPG 2.0, goal 5.A",True,voluntary_practice,none (voluntary),,,,"Without established communication procedures, incidents can disrupt coordination among response teams, slowing incident resolution, increasing downtime, and amplifying overall damage.",Organization-wide.,Design a communications plan that identifies stakeholders and mechanisms for coordination and communications during an incident.Collaborate with stakeholders and securely share information consistent with response plans and information-sharing agreements. Priorities for sharing information include preventing the spread of infections to other systems and networks.Regularly update senior leadership on the status of major incidents.Notify human resources when malicious insider activity occurs.Establish and follow media communications procedures for incident response that comply with the organization’s policies on media interaction and information disclosure.,Low,High,Moderate
CPG:5.B,CISA CPG 2.0,goal,CPG:RESPOND,5.B,Establish Incident Reporting Procedures,CISA and other organizations are better able to provide assistance or understand the broader scope of a cyber incident.,"CISA CPG 2.0, goal 5.B",True,voluntary_practice,none (voluntary),,,,"Without timely incident reporting, CISA and other groups are less able to assist affected organizations and lack critical insight into the broader threat landscape, such as whether a broader attack is occurring against a specific sector.",Organization-wide.,"Organizations maintain policy and procedures on to whom and how to report all confirmed cybersecurity incidents to appropriate external entities (e.g., state/federal regulators or sector risk management agencies [SRMAs] as required, information sharing and analysis centers [ISACs], information sharing and analysis organizations [ISAOs], and CISA).Known incidents are reported to CISA as well as other necessary parties within time frames directed by applicable regulatory guidance or in the absence of guidance, as soon as safely feasible.",Moderate,High,Moderate
CPG:6.A,CISA CPG 2.0,goal,CPG:RECOVER,6.A,Incident Planning and Preparedness,Organizations are capable of safely and effectively recovering from a cybersecurity incident.,"CISA CPG 2.0, goal 6.A",True,voluntary_practice,none (voluntary),,,,"Disruption to the availability of an asset, service, or system.",Organizational assets.,"Execute plans to recover and restore service to business- or mission-critical assets or systems that might be impacted by a cybersecurity incident. This may include the ability to execute mission essential functions in a degraded manner without access to critical assets or even internet access (e.g., shift to paper-based operations, radio communications, etc.)Complete post-incident analysis to identify areas for improvement and refine the incident response plan. Focus on incorporating lessons learned, enhancing detection and response capabilities, updating policies and procedures including training, and ensuring that all stakeholders are informed of the changes.",Moderate,High,Complex
